{
  "best_epoch": 119,
  "best_val_objective": 2.1946709156036377,
  "cost_bps": 20.0,
  "epochs_trained": 120,
  "hidden": [
    32,
    32
  ],
  "market": {
    "gbm": {
      "mu": 0.0,
      "s0": 100.0,
      "sigma": 0.2
    },
    "horizon": 0.25,
    "n_steps": 63,
    "strike": 100.0
  },
  "mask_inventory": true,
  "max_epochs": 120,
  "objective": {
    "alpha": 0.95,
    "kind": "mean_cvar",
    "lam": 1.0
  },
  "optimizer": {
    "batch_size": 8192,
    "lr": 0.003,
    "name": "adam",
    "schedule": "cosine",
    "train_dtype": "float32"
  },
  "patience": 12,
  "seed": 4,
  "smoke": false,
  "torch_version": "2.13.0+cpu",
  "train_curve": [
    8.142535503094013,
    7.306453961592454,
    5.86962864949153,
    3.6916622015146108,
    3.047379677112286,
    2.9889244666466346,
    2.8753993694598856,
    2.8081536843226504,
    2.738944567166842,
    2.6548618720127988,
    2.5688756429232082,
    2.4725914001464844,
    2.390359199964083,
    2.3404184671548696,
    2.3264598846435547,
    2.3242060404557447,
    2.3213283648857703,
    2.321186524171096,
    2.321230228130634,
    2.3180537407214823,
    2.3145854473114014,
    2.3163386308229885,
    2.3175853215731106,
    2.3093193677755504,
    2.312439093222985,
    2.3079886253063497,
    2.3090721643888035,
    2.306771296721238,
    2.30358756505526,
    2.3029870436741757,
    2.301629524964553,
    2.2978836389688344,
    2.298670713718121,
    2.2942425104287953,
    2.290623793235192,
    2.2921055463644175,
    2.291663591678326,
    2.2848338530613828,
    2.2821133320148173,
    2.279902073053213,
    2.2773081155923696,
    2.2761589747208815,
    2.2763297741229715,
    2.2712170710930457,
    2.2721604017110972,
    2.2638830038217397,
    2.265218588022085,
    2.2613086700439453,
    2.2620010375976562,
    2.2625488134530873,
    2.2540590579693136,
    2.254956007003784,
    2.2522450043604922,
    2.249317719386174,
    2.2486880925985484,
    2.243373687450702,
    2.240655018733098,
    2.2393813866835375,
    2.2364882689255934,
    2.2354334684518666,
    2.2352615869962253,
    2.235270151725182,
    2.229305285673875,
    2.2258080885960507,
    2.2314200217907247,
    2.2299432387718787,
    2.22313614991995,
    2.225541169826801,
    2.2242122246668887,
    2.222113004097572,
    2.2218093688671408,
    2.220574984183678,
    2.219662171143752,
    2.22006317285391,
    2.215302504025973,
    2.2165806660285363,
    2.216346630683312,
    2.2149330102480373,
    2.218508170201228,
    2.217006665009719,
    2.2112185038053074,
    2.212024211883545,
    2.211195762340839,
    2.2157674569350023,
    2.2141722532419057,
    2.2092768595768857,
    2.2124152183532715,
    2.2136441194094143,
    2.214267712373,
    2.208334042475774,
    2.212008311198308,
    2.2061873032496524,
    2.2053737456981954,
    2.209073415169349,
    2.2102974561544566,
    2.206540144406832,
    2.2144196950472317,
    2.204723541553204,
    2.2065752286177416,
    2.205459851485032,
    2.2056506413679857,
    2.205674281487098,
    2.2090009359213023,
    2.2077719615055966,
    2.209453527744,
    2.205002289551955,
    2.2074782848358154,
    2.207843175301185,
    2.2062131624955397,
    2.20427681849553,
    2.2072599484370303,
    2.205962456189669,
    2.2045253056746263,
    2.203876568720891,
    2.2083634596604567,
    2.2060715601994443,
    2.2051695676950307,
    2.2048646119924693,
    2.204658343241765,
    2.2043713422921987
  ],
  "trained_on": {
    "TRAIN": {
      "n_paths": 100000,
      "sha256": "db20bf20d0b2cd9f284ed8563c53f300c956b781cdfbbfe2b1d0fc63d5275b1b"
    },
    "VAL": {
      "n_paths": 20000,
      "sha256": "c65c0567813875a0db56dfb6416ae82af0f901d53f5e6d83a61129fb8c538e47"
    }
  },
  "val_curve": [
    7.676458835601807,
    6.709509372711182,
    4.666451454162598,
    3.0414531230926514,
    3.036482810974121,
    2.9021530151367188,
    2.841243028640747,
    2.768228530883789,
    2.6954121589660645,
    2.609109401702881,
    2.5203588008880615,
    2.4254918098449707,
    2.358771324157715,
    2.3297605514526367,
    2.321096181869507,
    2.3244845867156982,
    2.318122386932373,
    2.316929817199707,
    2.31748628616333,
    2.3138675689697266,
    2.313584327697754,
    2.3161492347717285,
    2.3072526454925537,
    2.3069419860839844,
    2.305725336074829,
    2.301053762435913,
    2.3011887073516846,
    2.2976081371307373,
    2.3030495643615723,
    2.2947824001312256,
    2.2934775352478027,
    2.2900846004486084,
    2.2988758087158203,
    2.286203384399414,
    2.287235736846924,
    2.2844433784484863,
    2.279951810836792,
    2.2809386253356934,
    2.276454448699951,
    2.272468090057373,
    2.276956558227539,
    2.267338514328003,
    2.2658486366271973,
    2.269728183746338,
    2.2599806785583496,
    2.2582457065582275,
    2.256877899169922,
    2.260024309158325,
    2.2614426612854004,
    2.245854139328003,
    2.247002124786377,
    2.243333339691162,
    2.2408056259155273,
    2.2357373237609863,
    2.236481189727783,
    2.2328648567199707,
    2.2286057472229004,
    2.235640525817871,
    2.2258968353271484,
    2.225587844848633,
    2.225686550140381,
    2.2232251167297363,
    2.2190799713134766,
    2.2171385288238525,
    2.214359998703003,
    2.2141287326812744,
    2.214822769165039,
    2.215338706970215,
    2.2102437019348145,
    2.210362195968628,
    2.2079644203186035,
    2.207376003265381,
    2.2065091133117676,
    2.205564498901367,
    2.20566463470459,
    2.2051587104797363,
    2.204793930053711,
    2.2045834064483643,
    2.2043583393096924,
    2.204237937927246,
    2.201612710952759,
    2.201287031173706,
    2.201136350631714,
    2.2014055252075195,
    2.200368881225586,
    2.199782371520996,
    2.1987369060516357,
    2.1996145248413086,
    2.198530673980713,
    2.1983859539031982,
    2.1982028484344482,
    2.198187828063965,
    2.1982131004333496,
    2.1978492736816406,
    2.197706460952759,
    2.197274684906006,
    2.196826934814453,
    2.197456121444702,
    2.1962485313415527,
    2.1964118480682373,
    2.1964032649993896,
    2.1962006092071533,
    2.1960201263427734,
    2.196291208267212,
    2.1962130069732666,
    2.1957411766052246,
    2.1954643726348877,
    2.1959104537963867,
    2.1951346397399902,
    2.1949965953826904,
    2.1955156326293945,
    2.195077657699585,
    2.1953775882720947,
    2.1949682235717773,
    2.1948580741882324,
    2.19476318359375,
    2.195042371749878,
    2.1948461532592773,
    2.1946909427642822,
    2.1946709156036377
  ],
  "wall_seconds": 520.7
}
