{
  "best_epoch": 119,
  "best_val_objective": 2.1945369243621826,
  "cost_bps": 20.0,
  "epochs_trained": 120,
  "hidden": [
    32,
    32
  ],
  "market": {
    "gbm": {
      "mu": 0.0,
      "s0": 100.0,
      "sigma": 0.2
    },
    "horizon": 0.25,
    "n_steps": 63,
    "strike": 100.0
  },
  "mask_inventory": true,
  "max_epochs": 120,
  "objective": {
    "alpha": 0.95,
    "kind": "mean_cvar",
    "lam": 1.0
  },
  "optimizer": {
    "batch_size": 8192,
    "lr": 0.003,
    "name": "adam",
    "schedule": "cosine",
    "train_dtype": "float32"
  },
  "patience": 12,
  "seed": 3,
  "smoke": false,
  "torch_version": "2.13.0+cpu",
  "train_curve": [
    7.612471507145808,
    6.158618010007418,
    3.8233886682070217,
    2.9336165281442494,
    2.9036671198331394,
    2.7874049039987416,
    2.7354762737567606,
    2.674051523208618,
    2.6077273075397196,
    2.533794017938467,
    2.461889597085806,
    2.3972564110389123,
    2.3515690656808705,
    2.3325302600860596,
    2.3288234930772047,
    2.3264599396632266,
    2.3295002167041483,
    2.322144838479849,
    2.3182152784787693,
    2.3196526490725002,
    2.323922322346614,
    2.320827942628127,
    2.318685825054462,
    2.311206029011653,
    2.3161356449127197,
    2.3078298568725586,
    2.3154690265655518,
    2.3142812252044678,
    2.3154944639939528,
    2.3098539939293494,
    2.306289764551016,
    2.303678090755756,
    2.301049911058866,
    2.303821637080266,
    2.3023838446690488,
    2.2995247657482443,
    2.3009462356567383,
    2.2957289952498217,
    2.294967614687406,
    2.291573616174551,
    2.2919541689065785,
    2.2907441029181848,
    2.286680478316087,
    2.2820397523733287,
    2.286706594320444,
    2.27786137507512,
    2.2778891783494215,
    2.275558728438157,
    2.2732146703279934,
    2.2736947536468506,
    2.268068863795354,
    2.267517401621892,
    2.262659109555758,
    2.2611511120429406,
    2.2601821972773624,
    2.2557003314678488,
    2.252234092125526,
    2.2448353583996115,
    2.2494996144221377,
    2.246233444947463,
    2.2468627966367283,
    2.239945466701801,
    2.238609644082876,
    2.23469405907851,
    2.2363351675180287,
    2.232543028317965,
    2.2322048040536733,
    2.2316818787501407,
    2.2283192231104922,
    2.2251238272740292,
    2.224070127193744,
    2.227617483872634,
    2.2220743802877574,
    2.217620372772217,
    2.222379977886493,
    2.2269494166741004,
    2.217081381724431,
    2.2176386209634633,
    2.217965767933772,
    2.2184973313258243,
    2.216600748208853,
    2.214254305912898,
    2.218529756252582,
    2.212778219809899,
    2.211021973536565,
    2.21499017568735,
    2.2126310788668118,
    2.2107990705049954,
    2.210701263867892,
    2.209649599515475,
    2.2087403810941257,
    2.2115544172433705,
    2.2079536731426535,
    2.209085776255681,
    2.2095594039330115,
    2.209623831969041,
    2.2094251009134145,
    2.205424822293795,
    2.212079249895536,
    2.211877804536086,
    2.2078697681427,
    2.2077872386345496,
    2.2062578201293945,
    2.2079857679513784,
    2.2058105101952186,
    2.207679216678326,
    2.20843505859375,
    2.2075543587024393,
    2.2045430220090427,
    2.205851701589731,
    2.2065850771390476,
    2.2089562782874475,
    2.2084732422461877,
    2.2095921773176928,
    2.208571323981652,
    2.209478268256554,
    2.207662875835712,
    2.2043243188124437,
    2.2069382117344785,
    2.2024351083315334
  ],
  "trained_on": {
    "TRAIN": {
      "n_paths": 100000,
      "sha256": "db20bf20d0b2cd9f284ed8563c53f300c956b781cdfbbfe2b1d0fc63d5275b1b"
    },
    "VAL": {
      "n_paths": 20000,
      "sha256": "c65c0567813875a0db56dfb6416ae82af0f901d53f5e6d83a61129fb8c538e47"
    }
  },
  "val_curve": [
    7.035307884216309,
    4.972641468048096,
    2.9436850547790527,
    2.942171096801758,
    2.8245904445648193,
    2.765226364135742,
    2.7041893005371094,
    2.6374220848083496,
    2.5647459030151367,
    2.4879512786865234,
    2.4164395332336426,
    2.3644018173217773,
    2.3366849422454834,
    2.323087692260742,
    2.3247973918914795,
    2.322964906692505,
    2.3181841373443604,
    2.322756767272949,
    2.318678617477417,
    2.3151028156280518,
    2.315857172012329,
    2.312138319015503,
    2.3147616386413574,
    2.3135337829589844,
    2.311469078063965,
    2.3080906867980957,
    2.3137454986572266,
    2.303354263305664,
    2.303570032119751,
    2.307051420211792,
    2.2999625205993652,
    2.303781509399414,
    2.2973389625549316,
    2.2966129779815674,
    2.295013904571533,
    2.2938895225524902,
    2.3015918731689453,
    2.3006815910339355,
    2.28782320022583,
    2.284950017929077,
    2.2821712493896484,
    2.2792952060699463,
    2.27894926071167,
    2.2749390602111816,
    2.2734127044677734,
    2.272669792175293,
    2.2721357345581055,
    2.2703616619110107,
    2.264232873916626,
    2.259516716003418,
    2.258714437484741,
    2.260219097137451,
    2.252561330795288,
    2.2521235942840576,
    2.2466487884521484,
    2.244316577911377,
    2.241382360458374,
    2.2405920028686523,
    2.2409846782684326,
    2.2350587844848633,
    2.2305355072021484,
    2.2307417392730713,
    2.229764461517334,
    2.2250826358795166,
    2.2301025390625,
    2.2215750217437744,
    2.2203330993652344,
    2.2176685333251953,
    2.2175066471099854,
    2.213987350463867,
    2.2138242721557617,
    2.2132153511047363,
    2.2120096683502197,
    2.2112956047058105,
    2.208357810974121,
    2.207106590270996,
    2.206754207611084,
    2.206425189971924,
    2.2058768272399902,
    2.2047410011291504,
    2.2033963203430176,
    2.20448637008667,
    2.2020926475524902,
    2.2028443813323975,
    2.201071262359619,
    2.2006874084472656,
    2.200981378555298,
    2.1998376846313477,
    2.199759006500244,
    2.20080828666687,
    2.2032630443573,
    2.1993563175201416,
    2.198319435119629,
    2.198678493499756,
    2.1981871128082275,
    2.1972861289978027,
    2.1985042095184326,
    2.198681354522705,
    2.196653127670288,
    2.197389602661133,
    2.196908473968506,
    2.196774482727051,
    2.196216344833374,
    2.1958794593811035,
    2.195685863494873,
    2.195829391479492,
    2.1959939002990723,
    2.1959943771362305,
    2.195502758026123,
    2.1951370239257812,
    2.195194721221924,
    2.1953742504119873,
    2.1954407691955566,
    2.1953976154327393,
    2.195359230041504,
    2.1948118209838867,
    2.195174217224121,
    2.1952285766601562,
    2.194835662841797,
    2.1945369243621826
  ],
  "wall_seconds": 481.9
}
