{
  "best_epoch": 119,
  "best_val_objective": 2.232748508453369,
  "cost_bps": 20.0,
  "epochs_trained": 120,
  "hidden": [
    32,
    32
  ],
  "market": {
    "gbm": {
      "mu": 0.0,
      "s0": 100.0,
      "sigma": 0.2
    },
    "horizon": 0.25,
    "n_steps": 63,
    "strike": 100.0
  },
  "mask_inventory": true,
  "max_epochs": 120,
  "objective": {
    "alpha": 0.95,
    "kind": "mean_cvar",
    "lam": 1.0
  },
  "optimizer": {
    "batch_size": 8192,
    "lr": 0.003,
    "name": "adam",
    "schedule": "cosine",
    "train_dtype": "float32"
  },
  "patience": 12,
  "seed": 1,
  "smoke": false,
  "torch_version": "2.13.0+cpu",
  "train_curve": [
    8.132015778468205,
    7.040359717149001,
    5.109445846997774,
    3.136087490962102,
    2.9748647396381083,
    2.880572850887592,
    2.810725212097168,
    2.762615313896766,
    2.7128426478459287,
    2.6596591289226827,
    2.598139322721041,
    2.525623028094952,
    2.450688545520489,
    2.3866942479060245,
    2.3464985260596642,
    2.3300301478459287,
    2.319009359066303,
    2.319030083142794,
    2.3171544808607836,
    2.315829497117263,
    2.31395147396968,
    2.320344851567195,
    2.3153989131634054,
    2.317831461246197,
    2.3086123283092794,
    2.3082394233116736,
    2.3094683243678165,
    2.3088727547572208,
    2.309757581123939,
    2.3023878244253306,
    2.3066794872283936,
    2.306354724443876,
    2.304839354294997,
    2.3030547362107496,
    2.3009190559387207,
    2.301819086074829,
    2.300184414936946,
    2.3006014273716855,
    2.2988997789529653,
    2.3000941826747012,
    2.2962046219752383,
    2.2932208134577823,
    2.2951213213113637,
    2.291823148727417,
    2.296918172102708,
    2.2939458993765025,
    2.2918891173142653,
    2.294260630240807,
    2.2840302907503567,
    2.290850437604464,
    2.290830868941087,
    2.287735003691453,
    2.2797590769254246,
    2.2805236853086033,
    2.282041989839994,
    2.2824579935807447,
    2.2845781399653506,
    2.280303661639874,
    2.278950599523691,
    2.275429688967191,
    2.279992837172288,
    2.273918812091534,
    2.2714247153355527,
    2.2694903703836293,
    2.265628796357375,
    2.2692030393160305,
    2.270719344799335,
    2.265271773705116,
    2.26788199864901,
    2.2680726601527286,
    2.266307775790875,
    2.262990658099835,
    2.2640009109790507,
    2.2602856892805834,
    2.2640346930577206,
    2.26113354242765,
    2.256404289832482,
    2.2577088062579813,
    2.255140781402588,
    2.255326326076801,
    2.255353780893179,
    2.256399026283851,
    2.2553122227008524,
    2.2541931042304406,
    2.2532554222987247,
    2.2489961294027476,
    2.2526958905733547,
    2.25309027158297,
    2.248840460410485,
    2.24419615818904,
    2.248008673007672,
    2.2484870690565844,
    2.248120528001052,
    2.2462814037616434,
    2.248662673510038,
    2.244845995536217,
    2.2476028295663686,
    2.24944413625277,
    2.2444234627943773,
    2.2424914286686826,
    2.2436136465806227,
    2.2452738285064697,
    2.2446547838357778,
    2.24763246682974,
    2.2433100113501916,
    2.246129402747521,
    2.2428030784313497,
    2.245466085580679,
    2.2416319113511305,
    2.2429105868706336,
    2.244164228439331,
    2.2453237863687368,
    2.2468031369722805,
    2.2404483465047984,
    2.245664284779475,
    2.2443559903364916,
    2.245369104238657,
    2.2437329292297363,
    2.2412976851830115,
    2.2412383189568152
  ],
  "trained_on": {
    "TRAIN": {
      "n_paths": 100000,
      "sha256": "db20bf20d0b2cd9f284ed8563c53f300c956b781cdfbbfe2b1d0fc63d5275b1b"
    },
    "VAL": {
      "n_paths": 20000,
      "sha256": "c65c0567813875a0db56dfb6416ae82af0f901d53f5e6d83a61129fb8c538e47"
    }
  },
  "val_curve": [
    7.609525203704834,
    6.195189952850342,
    3.7687487602233887,
    2.9298484325408936,
    2.9340567588806152,
    2.8260746002197266,
    2.793597936630249,
    2.739478349685669,
    2.691270112991333,
    2.635847568511963,
    2.561863899230957,
    2.493833541870117,
    2.41312313079834,
    2.361746072769165,
    2.3365559577941895,
    2.323042154312134,
    2.3186910152435303,
    2.3184432983398438,
    2.3151466846466064,
    2.3148036003112793,
    2.3143882751464844,
    2.3193299770355225,
    2.326047420501709,
    2.310610771179199,
    2.3111934661865234,
    2.3067150115966797,
    2.305950164794922,
    2.306079626083374,
    2.30297589302063,
    2.3038249015808105,
    2.303734302520752,
    2.2992939949035645,
    2.3001558780670166,
    2.3018417358398438,
    2.2972633838653564,
    2.299302101135254,
    2.2989723682403564,
    2.293931722640991,
    2.293790817260742,
    2.291815757751465,
    2.291837692260742,
    2.2895047664642334,
    2.2893478870391846,
    2.2902402877807617,
    2.287811279296875,
    2.2856054306030273,
    2.2882583141326904,
    2.2821507453918457,
    2.2896344661712646,
    2.280060291290283,
    2.2803728580474854,
    2.279500961303711,
    2.2776710987091064,
    2.2794904708862305,
    2.2752437591552734,
    2.2740206718444824,
    2.282780647277832,
    2.2705764770507812,
    2.270387649536133,
    2.2686822414398193,
    2.26798152923584,
    2.2680749893188477,
    2.266639232635498,
    2.264564037322998,
    2.2650580406188965,
    2.26235294342041,
    2.2626748085021973,
    2.260119915008545,
    2.2620487213134766,
    2.257413387298584,
    2.2613747119903564,
    2.259413957595825,
    2.261408567428589,
    2.2550110816955566,
    2.252601385116577,
    2.251412868499756,
    2.251422882080078,
    2.252054452896118,
    2.2496557235717773,
    2.2483904361724854,
    2.2474114894866943,
    2.246108055114746,
    2.2486743927001953,
    2.2447750568389893,
    2.2438056468963623,
    2.243788719177246,
    2.2426085472106934,
    2.2420990467071533,
    2.2422306537628174,
    2.241054058074951,
    2.2404026985168457,
    2.2408576011657715,
    2.2423744201660156,
    2.23911190032959,
    2.238513708114624,
    2.2383909225463867,
    2.237473249435425,
    2.2372021675109863,
    2.2365550994873047,
    2.2365097999572754,
    2.2364416122436523,
    2.2359886169433594,
    2.2353827953338623,
    2.236022472381592,
    2.235031843185425,
    2.2346696853637695,
    2.234548330307007,
    2.2343969345092773,
    2.23441481590271,
    2.234252691268921,
    2.233903408050537,
    2.2339773178100586,
    2.2338998317718506,
    2.2338297367095947,
    2.2334303855895996,
    2.233410358428955,
    2.2331907749176025,
    2.233189821243286,
    2.233149290084839,
    2.232748508453369
  ],
  "wall_seconds": 407.3
}
