{
  "best_epoch": 119,
  "best_val_objective": 2.204310417175293,
  "cost_bps": 20.0,
  "epochs_trained": 120,
  "hidden": [
    32,
    32
  ],
  "market": {
    "gbm": {
      "mu": 0.0,
      "s0": 100.0,
      "sigma": 0.2
    },
    "horizon": 0.25,
    "n_steps": 63,
    "strike": 100.0
  },
  "mask_inventory": true,
  "max_epochs": 120,
  "objective": {
    "alpha": 0.95,
    "kind": "mean_cvar",
    "lam": 1.0
  },
  "optimizer": {
    "batch_size": 8192,
    "lr": 0.003,
    "name": "adam",
    "schedule": "cosine",
    "train_dtype": "float32"
  },
  "patience": 12,
  "seed": 0,
  "smoke": false,
  "torch_version": "2.13.0+cpu",
  "train_curve": [
    7.737790731283335,
    6.576298566964956,
    4.4158806434044475,
    3.0572777344630313,
    3.028673997292152,
    2.9202528183276835,
    2.852769503226647,
    2.8016686622913065,
    2.7387250570150523,
    2.6612213208125186,
    2.5749363899230957,
    2.474735351709219,
    2.39866880270151,
    2.3578420785757213,
    2.3403865740849423,
    2.3379970697256236,
    2.3351371655097375,
    2.332990884780884,
    2.3302404146928053,
    2.327900684796847,
    2.32413440484267,
    2.3286585074204664,
    2.3279903668623705,
    2.3277445756472073,
    2.326543716283945,
    2.3229028445023756,
    2.3194507635556736,
    2.3148502019735484,
    2.318288271243756,
    2.310239443412194,
    2.313055368570181,
    2.3190609491788425,
    2.3080231226407566,
    2.3084052159236026,
    2.309768951856173,
    2.305863233713003,
    2.297102011167086,
    2.299118317090548,
    2.2993066861079288,
    2.2972404590019813,
    2.290483933228713,
    2.2921101496769833,
    2.2925391013805685,
    2.288064094690176,
    2.288696417441735,
    2.2862299405611477,
    2.282451079441951,
    2.2815495821145864,
    2.2823034616617055,
    2.271299013724694,
    2.2722369890946608,
    2.271332942522489,
    2.2691298998319187,
    2.2644986922924337,
    2.2625788908738356,
    2.2637646198272705,
    2.2593458615816555,
    2.253505376669077,
    2.2583231375767636,
    2.25431227684021,
    2.25099831361037,
    2.249840809748723,
    2.2510397617633524,
    2.250424990287194,
    2.244408057286189,
    2.24587867810176,
    2.240613350501427,
    2.242483450816228,
    2.2389067136324368,
    2.2382394717289853,
    2.2346812028151293,
    2.235349343373225,
    2.231642356285682,
    2.229174723991981,
    2.2295676928300123,
    2.230823590205266,
    2.2323909172644982,
    2.2310498494368334,
    2.2243426396296573,
    2.226607010914729,
    2.2228859938108005,
    2.2215140416071963,
    2.2270991802215576,
    2.2216229805579553,
    2.2230011499845066,
    2.221518534880418,
    2.221178018129789,
    2.2180606035085826,
    2.2212113233713002,
    2.21818967965933,
    2.2231058524205136,
    2.2200787984407864,
    2.217345952987671,
    2.2177741527557373,
    2.2162668888385477,
    2.2176923018235426,
    2.218005822255061,
    2.215757993551401,
    2.221614360809326,
    2.2138274816366343,
    2.2183723816504846,
    2.219030398588914,
    2.2130454870370717,
    2.2153440622182994,
    2.2145179235018215,
    2.217359872964712,
    2.218661620066716,
    2.219278042133038,
    2.2180525339566746,
    2.2126446870657115,
    2.2160600882310133,
    2.2181240045107327,
    2.2158059890453634,
    2.211148683841412,
    2.2122248136080227,
    2.2147885102492113,
    2.214559720112727,
    2.215003618827233,
    2.2123049405904918,
    2.214208822983962
  ],
  "trained_on": {
    "TRAIN": {
      "n_paths": 100000,
      "sha256": "db20bf20d0b2cd9f284ed8563c53f300c956b781cdfbbfe2b1d0fc63d5275b1b"
    },
    "VAL": {
      "n_paths": 20000,
      "sha256": "c65c0567813875a0db56dfb6416ae82af0f901d53f5e6d83a61129fb8c538e47"
    }
  },
  "val_curve": [
    7.288991451263428,
    5.581354141235352,
    3.2633771896362305,
    3.023275852203369,
    2.9620304107666016,
    2.8783648014068604,
    2.8299479484558105,
    2.7674155235290527,
    2.698378562927246,
    2.62056040763855,
    2.52244234085083,
    2.436479091644287,
    2.369448184967041,
    2.3424434661865234,
    2.338153839111328,
    2.3342792987823486,
    2.3321900367736816,
    2.327986001968384,
    2.327860116958618,
    2.3293404579162598,
    2.323289394378662,
    2.3275372982025146,
    2.3201258182525635,
    2.323089122772217,
    2.3169450759887695,
    2.3161346912384033,
    2.3137454986572266,
    2.313709259033203,
    2.3101251125335693,
    2.3099615573883057,
    2.3214950561523438,
    2.304398536682129,
    2.302398443222046,
    2.3004937171936035,
    2.3102645874023438,
    2.2967569828033447,
    2.296703577041626,
    2.29762601852417,
    2.2931711673736572,
    2.2904720306396484,
    2.291964530944824,
    2.2868432998657227,
    2.284154176712036,
    2.280857563018799,
    2.281034469604492,
    2.277376174926758,
    2.2740726470947266,
    2.2806315422058105,
    2.2688591480255127,
    2.2696003913879395,
    2.2643589973449707,
    2.269888401031494,
    2.2608022689819336,
    2.261697769165039,
    2.2556569576263428,
    2.2534444332122803,
    2.254300832748413,
    2.2495980262756348,
    2.247270107269287,
    2.24625563621521,
    2.251746892929077,
    2.2412867546081543,
    2.240471601486206,
    2.236431121826172,
    2.2356529235839844,
    2.2329516410827637,
    2.2349495887756348,
    2.2328596115112305,
    2.228024959564209,
    2.2271368503570557,
    2.2263851165771484,
    2.2244672775268555,
    2.224580764770508,
    2.2222533226013184,
    2.2211620807647705,
    2.2200279235839844,
    2.219024658203125,
    2.217991352081299,
    2.2176828384399414,
    2.2178409099578857,
    2.215276002883911,
    2.2151200771331787,
    2.2139298915863037,
    2.2136096954345703,
    2.2131032943725586,
    2.212261199951172,
    2.212061643600464,
    2.211169958114624,
    2.2103688716888428,
    2.2101075649261475,
    2.2107462882995605,
    2.2095274925231934,
    2.208653688430786,
    2.208474636077881,
    2.208315372467041,
    2.208285093307495,
    2.2077178955078125,
    2.207573413848877,
    2.2072482109069824,
    2.207080602645874,
    2.206467390060425,
    2.2064881324768066,
    2.2068512439727783,
    2.206214189529419,
    2.206268072128296,
    2.2066731452941895,
    2.2057418823242188,
    2.2059624195098877,
    2.2060415744781494,
    2.205630302429199,
    2.205054759979248,
    2.2048850059509277,
    2.2051498889923096,
    2.2047629356384277,
    2.204636573791504,
    2.2044777870178223,
    2.2046165466308594,
    2.2045645713806152,
    2.2043423652648926,
    2.204310417175293
  ],
  "wall_seconds": 542.0
}
