{
  "best_epoch": 116,
  "best_val_objective": 2.1922202110290527,
  "cost_bps": 20.0,
  "epochs_trained": 120,
  "hidden": [
    32,
    32
  ],
  "market": {
    "gbm": {
      "mu": 0.0,
      "s0": 100.0,
      "sigma": 0.2
    },
    "horizon": 0.25,
    "n_steps": 63,
    "strike": 100.0
  },
  "mask_inventory": true,
  "max_epochs": 120,
  "objective": {
    "alpha": 0.95,
    "kind": "mean_cvar",
    "lam": 1.0
  },
  "optimizer": {
    "batch_size": 8192,
    "lr": 0.003,
    "name": "adam",
    "schedule": "cosine",
    "train_dtype": "float32"
  },
  "patience": 12,
  "seed": 2,
  "smoke": false,
  "torch_version": "2.13.0+cpu",
  "train_curve": [
    7.86541406924908,
    6.9606547355651855,
    5.2390731664804315,
    3.2596860115344706,
    2.9858783391805797,
    2.91795486670274,
    2.8434439989236684,
    2.81152552824754,
    2.7707145030681906,
    2.719131964903611,
    2.656580246411837,
    2.59858723787161,
    2.524124640684861,
    2.446655200077937,
    2.3844284277695875,
    2.342622500199538,
    2.327038233096783,
    2.32127517920274,
    2.3274006293370175,
    2.322524767655593,
    2.3186697959899902,
    2.312647507740901,
    2.3118605063511777,
    2.3123181416438174,
    2.312562447327834,
    2.3065030574798584,
    2.30689786030696,
    2.304273146849412,
    2.3034263207362247,
    2.3055139504946194,
    2.305843811768752,
    2.2977640628814697,
    2.2981872191795936,
    2.2957388070913463,
    2.293920186849741,
    2.2967967070066013,
    2.2935821276444655,
    2.29195237159729,
    2.2930537920731764,
    2.2924834948319655,
    2.2856808992532582,
    2.2830334259913516,
    2.284878657414363,
    2.2781782150268555,
    2.2761585345635047,
    2.2689242362976074,
    2.2706658106583815,
    2.265702724456787,
    2.2687911620506873,
    2.2655666791475735,
    2.262035553271954,
    2.25767392378587,
    2.252834155009343,
    2.2515728106865516,
    2.2559332297398496,
    2.247604626875657,
    2.2458735612722545,
    2.2429601595951962,
    2.2420628437629113,
    2.237673759460449,
    2.239741618816669,
    2.2372398926661563,
    2.2323123858525205,
    2.2326582211714525,
    2.2294185161590576,
    2.228857132104727,
    2.2275132032541127,
    2.2278966353489804,
    2.2204303924853983,
    2.2226802752568173,
    2.2198512370769796,
    2.2246446792895975,
    2.2209777465233436,
    2.2156840287722073,
    2.2153853269723744,
    2.2160724859971266,
    2.211790524996244,
    2.216349583405715,
    2.2146436801323524,
    2.21640552007235,
    2.210162492898794,
    2.2121016612419715,
    2.2111292435572696,
    2.2110926738152137,
    2.211478563455435,
    2.209992317052988,
    2.2100122525141788,
    2.2134546499985914,
    2.213803951556866,
    2.206118803757888,
    2.204761321728046,
    2.2056333468510556,
    2.2040881377000074,
    2.2083158859839807,
    2.2051079823420596,
    2.20194149017334,
    2.2051578668447642,
    2.20267444390517,
    2.206449893804697,
    2.2044952649336595,
    2.2050674511836124,
    2.203092648432805,
    2.205887647775503,
    2.2045871111062856,
    2.2059291142683763,
    2.204565268296462,
    2.206089900090144,
    2.205898248232328,
    2.2053658962249756,
    2.203359677241399,
    2.205258057667659,
    2.2030675411224365,
    2.2065582275390625,
    2.2057387095231276,
    2.2033217136676493,
    2.201698358242328,
    2.201419995381282,
    2.2007189897390513,
    2.20821580520043,
    2.2037863364586463
  ],
  "trained_on": {
    "TRAIN": {
      "n_paths": 100000,
      "sha256": "db20bf20d0b2cd9f284ed8563c53f300c956b781cdfbbfe2b1d0fc63d5275b1b"
    },
    "VAL": {
      "n_paths": 20000,
      "sha256": "c65c0567813875a0db56dfb6416ae82af0f901d53f5e6d83a61129fb8c538e47"
    }
  },
  "val_curve": [
    7.460855484008789,
    6.229450225830078,
    3.971940517425537,
    2.95009446144104,
    2.966770648956299,
    2.8647167682647705,
    2.8438735008239746,
    2.783831834793091,
    2.7388410568237305,
    2.6892197132110596,
    2.6314799785614014,
    2.5649759769439697,
    2.4868526458740234,
    2.413151741027832,
    2.3603320121765137,
    2.3330931663513184,
    2.322115421295166,
    2.319985866546631,
    2.320082187652588,
    2.3157906532287598,
    2.312854290008545,
    2.3117356300354004,
    2.3109989166259766,
    2.3095598220825195,
    2.3066349029541016,
    2.319640874862671,
    2.3058342933654785,
    2.3017423152923584,
    2.3028032779693604,
    2.2974953651428223,
    2.296327590942383,
    2.293252944946289,
    2.296689033508301,
    2.290536403656006,
    2.2879464626312256,
    2.28908634185791,
    2.286867141723633,
    2.2873308658599854,
    2.287804365158081,
    2.278674840927124,
    2.2762842178344727,
    2.2905845642089844,
    2.2708287239074707,
    2.2689690589904785,
    2.2690682411193848,
    2.264425277709961,
    2.261343240737915,
    2.2587409019470215,
    2.260894298553467,
    2.25347638130188,
    2.2537407875061035,
    2.249939441680908,
    2.2447922229766846,
    2.243483543395996,
    2.240886926651001,
    2.23762845993042,
    2.2351956367492676,
    2.2314040660858154,
    2.230212926864624,
    2.230782985687256,
    2.2253260612487793,
    2.222344398498535,
    2.225661277770996,
    2.219409465789795,
    2.217036485671997,
    2.216691493988037,
    2.2140517234802246,
    2.214489698410034,
    2.217435121536255,
    2.2116174697875977,
    2.2084813117980957,
    2.2065985202789307,
    2.208939552307129,
    2.2056660652160645,
    2.2040162086486816,
    2.204592704772949,
    2.202240467071533,
    2.2024786472320557,
    2.2019333839416504,
    2.202775478363037,
    2.200209617614746,
    2.2003464698791504,
    2.1986231803894043,
    2.2050838470458984,
    2.200897693634033,
    2.197512149810791,
    2.19868540763855,
    2.196878671646118,
    2.1978161334991455,
    2.195763111114502,
    2.1956100463867188,
    2.1957411766052246,
    2.1953229904174805,
    2.195697784423828,
    2.194953680038452,
    2.1943836212158203,
    2.1944432258605957,
    2.194753885269165,
    2.194497585296631,
    2.1940157413482666,
    2.1942200660705566,
    2.194746732711792,
    2.1934361457824707,
    2.1936237812042236,
    2.1934189796447754,
    2.1936280727386475,
    2.193758964538574,
    2.193371295928955,
    2.193516254425049,
    2.1934924125671387,
    2.192864418029785,
    2.1929726600646973,
    2.193021774291992,
    2.1926729679107666,
    2.1927871704101562,
    2.1924023628234863,
    2.1922202110290527,
    2.19224214553833,
    2.192319393157959,
    2.192704439163208
  ],
  "wall_seconds": 267.1
}
