{
  "best_epoch": 49,
  "best_val_objective": 3.781937837600708,
  "cost_bps": 50.0,
  "epochs_trained": 50,
  "hidden": [
    32,
    32
  ],
  "market": {
    "gbm": {
      "mu": 0.0,
      "s0": 100.0,
      "sigma": 0.2
    },
    "horizon": 0.25,
    "n_steps": 63,
    "strike": 100.0
  },
  "max_epochs": 50,
  "objective": {
    "alpha": 0.95,
    "kind": "mean_cvar",
    "lam": 1.0
  },
  "optimizer": {
    "batch_size": 8192,
    "lr": 0.003,
    "name": "adam",
    "schedule": "cosine",
    "train_dtype": "float32"
  },
  "patience": 8,
  "seed": 0,
  "smoke": false,
  "torch_version": "2.13.0+cpu",
  "train_curve": [
    8.524742346543531,
    7.764215212601882,
    6.074018771831806,
    4.751808459942158,
    4.622444152832031,
    4.435450663933387,
    4.302298069000244,
    4.198843442476713,
    4.092963328728309,
    3.9942905719463644,
    3.909108877182007,
    3.8482482249920187,
    3.8236528359926663,
    3.8194073163546047,
    3.813391978924091,
    3.8169686060685377,
    3.813128214616042,
    3.816101551055908,
    3.807850929406973,
    3.803750918461726,
    3.805546815578754,
    3.8082504822657657,
    3.799285338475154,
    3.806181925993699,
    3.8052834547483005,
    3.7961300152998705,
    3.797045744382418,
    3.7925775601313663,
    3.7968948987814097,
    3.7959772806901197,
    3.795417840664203,
    3.7988474552447977,
    3.794834247002235,
    3.7925528379587026,
    3.798212216450618,
    3.7927182087531457,
    3.78692705814655,
    3.788325914969811,
    3.787039976853591,
    3.7913533540872426,
    3.785299612925603,
    3.788428856776311,
    3.794999177639301,
    3.7895957139822154,
    3.790372976889977,
    3.7901061314802904,
    3.793440873806293,
    3.7892245879540076,
    3.7907033333411584,
    3.7851463097792406
  ],
  "trained_on": {
    "TRAIN": {
      "n_paths": 100000,
      "sha256": "db20bf20d0b2cd9f284ed8563c53f300c956b781cdfbbfe2b1d0fc63d5275b1b"
    },
    "VAL": {
      "n_paths": 20000,
      "sha256": "c65c0567813875a0db56dfb6416ae82af0f901d53f5e6d83a61129fb8c538e47"
    }
  },
  "val_curve": [
    8.250191688537598,
    7.0699357986450195,
    4.932065010070801,
    4.740019798278809,
    4.469378471374512,
    4.369649410247803,
    4.228604316711426,
    4.130664825439453,
    4.033241271972656,
    3.9258992671966553,
    3.858816385269165,
    3.8195719718933105,
    3.8160176277160645,
    3.804678440093994,
    3.802588701248169,
    3.805906295776367,
    3.815854549407959,
    3.7972044944763184,
    3.8030996322631836,
    3.804065465927124,
    3.8063740730285645,
    3.7955620288848877,
    3.792560577392578,
    3.7929608821868896,
    3.793731689453125,
    3.7922630310058594,
    3.7924599647521973,
    3.790656566619873,
    3.789073944091797,
    3.7897777557373047,
    3.7903060913085938,
    3.790682077407837,
    3.7857017517089844,
    3.786806583404541,
    3.786059856414795,
    3.785454034805298,
    3.784621238708496,
    3.784055233001709,
    3.7842650413513184,
    3.783781051635742,
    3.78393816947937,
    3.783353090286255,
    3.7834341526031494,
    3.782996654510498,
    3.7827866077423096,
    3.7829222679138184,
    3.7825827598571777,
    3.7824482917785645,
    3.782290458679199,
    3.781937837600708
  ],
  "wall_seconds": 118.5
}
