{
  "best_epoch": 119,
  "best_val_objective": 1.2111417055130005,
  "cost_bps": 5.0,
  "epochs_trained": 120,
  "hidden": [
    32,
    32
  ],
  "market": {
    "gbm": {
      "mu": 0.0,
      "s0": 100.0,
      "sigma": 0.2
    },
    "horizon": 0.25,
    "n_steps": 63,
    "strike": 100.0
  },
  "max_epochs": 120,
  "objective": {
    "alpha": 0.95,
    "kind": "mean_cvar",
    "lam": 1.0
  },
  "optimizer": {
    "batch_size": 8192,
    "lr": 0.003,
    "name": "adam",
    "schedule": "cosine",
    "train_dtype": "float32"
  },
  "patience": 12,
  "seed": 1,
  "smoke": false,
  "torch_version": "2.13.0+cpu",
  "train_curve": [
    7.724673051100511,
    6.444607074444111,
    4.091212951219999,
    1.9997375103143544,
    1.9133790639730601,
    1.8026719093322754,
    1.7573934426674476,
    1.7238293244288518,
    1.6907925330675566,
    1.656499981880188,
    1.619753122329712,
    1.57297840485206,
    1.52231699686784,
    1.4637051729055552,
    1.4034156432518592,
    1.358805381334745,
    1.330324915739206,
    1.3246646019128652,
    1.324231927211468,
    1.3195121379999013,
    1.314927027775691,
    1.3203145815775945,
    1.3141680313990667,
    1.3125486282201915,
    1.3085896785442646,
    1.3037468378360455,
    1.3073153495788574,
    1.3057358540021455,
    1.306237138234652,
    1.2999097108840942,
    1.3021544401462262,
    1.300400128731361,
    1.2989046665338368,
    1.2972627786489634,
    1.2935937551351695,
    1.2936461888826811,
    1.2951090610944307,
    1.2916659300143902,
    1.2872176628846388,
    1.2903071091725276,
    1.2864301388080304,
    1.2809678591214693,
    1.2824275585321279,
    1.2781669726738563,
    1.2817420317576482,
    1.2776009853069599,
    1.2719407356702364,
    1.2733552547601552,
    1.2623760058329656,
    1.269275344335116,
    1.2669935960036058,
    1.2636101429279034,
    1.2537347170022817,
    1.2559253710966845,
    1.2537160103137677,
    1.254495593217703,
    1.2551599924380963,
    1.2489857031748846,
    1.2488277508662298,
    1.2479102336443388,
    1.2510697474846473,
    1.2445683846106896,
    1.2399102357717662,
    1.2386812338462243,
    1.2338012640292828,
    1.238406254695012,
    1.2396666820232685,
    1.231749259508573,
    1.2369076380362878,
    1.2359956778012788,
    1.2364938350824208,
    1.2322204754902766,
    1.2321257591247559,
    1.2284650802612305,
    1.2332561657978938,
    1.2290279131669264,
    1.2281401982674232,
    1.228409116084759,
    1.2268099601452167,
    1.2271886238685021,
    1.2265589512311494,
    1.2277314571233897,
    1.227127900490394,
    1.2272779116263757,
    1.22788117482112,
    1.2229574551949134,
    1.2263279878176176,
    1.2266740798950195,
    1.2219313933299139,
    1.2190222281676073,
    1.22095132791079,
    1.224279550405649,
    1.2234571897066557,
    1.2215910508082464,
    1.223186392050523,
    1.220666949565594,
    1.2252961947367742,
    1.2252806883591871,
    1.21991359270536,
    1.2204193427012517,
    1.2211470695642324,
    1.224492384837224,
    1.2218616008758545,
    1.2251593883220966,
    1.2201591913516705,
    1.2226853095568144,
    1.2215424317580004,
    1.2224784264197717,
    1.2195664735940785,
    1.2220968099740834,
    1.2226138023229747,
    1.2235783155147846,
    1.224929039294903,
    1.2190090051064124,
    1.2238653714840229,
    1.2227430251928477,
    1.2237538924584022,
    1.2219133193676288,
    1.2178171873092651,
    1.220627839748676
  ],
  "trained_on": {
    "TRAIN": {
      "n_paths": 100000,
      "sha256": "db20bf20d0b2cd9f284ed8563c53f300c956b781cdfbbfe2b1d0fc63d5275b1b"
    },
    "VAL": {
      "n_paths": 20000,
      "sha256": "c65c0567813875a0db56dfb6416ae82af0f901d53f5e6d83a61129fb8c538e47"
    }
  },
  "val_curve": [
    7.125412940979004,
    5.409440040588379,
    2.5143063068389893,
    1.8808367252349854,
    1.8283841609954834,
    1.7597380876541138,
    1.7352080345153809,
    1.6996098756790161,
    1.6671881675720215,
    1.6310839653015137,
    1.589027762413025,
    1.5406980514526367,
    1.4799678325653076,
    1.4198015928268433,
    1.369781255722046,
    1.3294212818145752,
    1.321919560432434,
    1.3151631355285645,
    1.3149259090423584,
    1.3049529790878296,
    1.3092697858810425,
    1.3057390451431274,
    1.3031121492385864,
    1.3012421131134033,
    1.3024191856384277,
    1.2963792085647583,
    1.2969287633895874,
    1.2945516109466553,
    1.292804479598999,
    1.2972402572631836,
    1.2912218570709229,
    1.287366271018982,
    1.2859625816345215,
    1.285990595817566,
    1.2830467224121094,
    1.2836530208587646,
    1.2818523645401,
    1.2797636985778809,
    1.2773770093917847,
    1.2792208194732666,
    1.2758216857910156,
    1.2714015245437622,
    1.2722599506378174,
    1.2664698362350464,
    1.2669752836227417,
    1.2628133296966553,
    1.263521671295166,
    1.2582334280014038,
    1.265066146850586,
    1.2544300556182861,
    1.252825140953064,
    1.2505288124084473,
    1.2474219799041748,
    1.2455275058746338,
    1.2455050945281982,
    1.2403478622436523,
    1.253648042678833,
    1.2421362400054932,
    1.2379744052886963,
    1.2339777946472168,
    1.235278844833374,
    1.2302154302597046,
    1.2302113771438599,
    1.2285867929458618,
    1.229889154434204,
    1.2268705368041992,
    1.2260994911193848,
    1.2262448072433472,
    1.2264909744262695,
    1.2230987548828125,
    1.2295178174972534,
    1.2211933135986328,
    1.2220604419708252,
    1.2199786901474,
    1.2211432456970215,
    1.2197579145431519,
    1.2197294235229492,
    1.2198374271392822,
    1.2178544998168945,
    1.2195007801055908,
    1.2183531522750854,
    1.21723473072052,
    1.2184165716171265,
    1.216238021850586,
    1.2161427736282349,
    1.2158008813858032,
    1.215268611907959,
    1.21517813205719,
    1.2146353721618652,
    1.2146990299224854,
    1.2142406702041626,
    1.2150890827178955,
    1.216132640838623,
    1.2135794162750244,
    1.2135443687438965,
    1.2132598161697388,
    1.2130968570709229,
    1.2131890058517456,
    1.212634801864624,
    1.2127689123153687,
    1.212509036064148,
    1.2123019695281982,
    1.2122455835342407,
    1.2124035358428955,
    1.2119450569152832,
    1.2119879722595215,
    1.2119455337524414,
    1.21183180809021,
    1.2119790315628052,
    1.2120654582977295,
    1.21172297000885,
    1.2118020057678223,
    1.2121859788894653,
    1.2116206884384155,
    1.2115559577941895,
    1.2114137411117554,
    1.2113901376724243,
    1.2113535404205322,
    1.211381435394287,
    1.2111417055130005
  ],
  "wall_seconds": 505.6
}
