{
  "best_epoch": 119,
  "best_val_objective": 3.6736268997192383,
  "cost_bps": 50.0,
  "epochs_trained": 120,
  "hidden": [
    32,
    32
  ],
  "market": {
    "gbm": {
      "mu": 0.0,
      "s0": 100.0,
      "sigma": 0.2
    },
    "horizon": 0.25,
    "n_steps": 63,
    "strike": 100.0
  },
  "max_epochs": 120,
  "objective": {
    "alpha": 0.95,
    "kind": "mean_cvar",
    "lam": 1.0
  },
  "optimizer": {
    "batch_size": 8192,
    "lr": 0.003,
    "name": "adam",
    "schedule": "cosine",
    "train_dtype": "float32"
  },
  "patience": 12,
  "seed": 0,
  "smoke": false,
  "torch_version": "2.13.0+cpu",
  "train_curve": [
    8.524742346543531,
    7.763759833115798,
    6.069010367760291,
    4.751760519467867,
    4.619920583871695,
    4.431739146892841,
    4.295698789449839,
    4.188603181105393,
    4.078158158522386,
    3.9740690818199744,
    3.8883900825793924,
    3.8388257943666897,
    3.8189669939187856,
    3.8181148859170766,
    3.8136588426736684,
    3.8178262527172384,
    3.810981108592107,
    3.8125782563136172,
    3.805835852256188,
    3.8004872982318583,
    3.7995717708881083,
    3.804397472968468,
    3.798304429421058,
    3.8041617503532996,
    3.801808944115272,
    3.795080441694993,
    3.7959681841043325,
    3.7889292240142822,
    3.7887361416449914,
    3.790084013572106,
    3.78933702982389,
    3.7885012443249044,
    3.784148803124061,
    3.7858354495121884,
    3.7934199479910045,
    3.7806404003730187,
    3.774525422316331,
    3.77340291096614,
    3.7729321993314304,
    3.775760430556077,
    3.7664001905001125,
    3.76847059910114,
    3.773453327325674,
    3.7662882071274977,
    3.771970968980056,
    3.7669703593620887,
    3.768257397871751,
    3.7600383024949293,
    3.759374453471257,
    3.7525351230914774,
    3.750051186634944,
    3.751407604951125,
    3.749827164870042,
    3.7482546659616323,
    3.742985963821411,
    3.743901637884287,
    3.7399623210613546,
    3.7349794644575853,
    3.7374341854682336,
    3.737400715167706,
    3.7292242600367618,
    3.7284074013049784,
    3.738308209639329,
    3.7342723516317515,
    3.7265546321868896,
    3.7295329020573544,
    3.721374126581045,
    3.720951061982375,
    3.72390602185176,
    3.7219449189993052,
    3.717052771494939,
    3.7183312269357534,
    3.7126166820526123,
    3.715204257231492,
    3.7085273816035342,
    3.7037345262674184,
    3.709616129214947,
    3.7081086268791785,
    3.701036783365103,
    3.702541571397048,
    3.699485100232638,
    3.6997296259953427,
    3.7040271025437574,
    3.6969721684089074,
    3.6973262383387637,
    3.694980052801279,
    3.6975603103637695,
    3.6955733482654276,
    3.6924995459043064,
    3.6919255073253927,
    3.693234296945425,
    3.6879264391385593,
    3.6936264038085938,
    3.6874407804929294,
    3.687056431403527,
    3.6878774716303897,
    3.6848470247708836,
    3.684210722263043,
    3.687776914009681,
    3.6796124898470364,
    3.6917807322282057,
    3.6885498670431285,
    3.683965407885038,
    3.682493888414823,
    3.6834133038154016,
    3.6859629521003137,
    3.6876248763157773,
    3.6850084891686072,
    3.684229062153743,
    3.680821730540349,
    3.6805812212137075,
    3.68274318254911,
    3.681630849838257,
    3.6806891514704776,
    3.674136051764855,
    3.6790489783653846,
    3.684745275057279,
    3.6813458662766676,
    3.6778885217813344,
    3.6788419026594896
  ],
  "trained_on": {
    "TRAIN": {
      "n_paths": 100000,
      "sha256": "db20bf20d0b2cd9f284ed8563c53f300c956b781cdfbbfe2b1d0fc63d5275b1b"
    },
    "VAL": {
      "n_paths": 20000,
      "sha256": "c65c0567813875a0db56dfb6416ae82af0f901d53f5e6d83a61129fb8c538e47"
    }
  },
  "val_curve": [
    8.250191688537598,
    7.068652153015137,
    4.92500638961792,
    4.741938591003418,
    4.467554569244385,
    4.3642191886901855,
    4.217720985412598,
    4.117480278015137,
    4.010560989379883,
    3.905686855316162,
    3.842982292175293,
    3.812791347503662,
    3.8188955783843994,
    3.8044273853302,
    3.801386833190918,
    3.8009910583496094,
    3.8091378211975098,
    3.7994942665100098,
    3.798064708709717,
    3.8026881217956543,
    3.794948101043701,
    3.792567491531372,
    3.789501190185547,
    3.792603015899658,
    3.789905071258545,
    3.793696403503418,
    3.7895665168762207,
    3.785560369491577,
    3.782982349395752,
    3.7842841148376465,
    3.7840700149536133,
    3.777559518814087,
    3.779815196990967,
    3.777116298675537,
    3.7754180431365967,
    3.7715439796447754,
    3.7683615684509277,
    3.769563674926758,
    3.7685611248016357,
    3.768207550048828,
    3.7683181762695312,
    3.7638731002807617,
    3.759697914123535,
    3.7638449668884277,
    3.758171558380127,
    3.7555434703826904,
    3.7518131732940674,
    3.748849868774414,
    3.7519123554229736,
    3.7484383583068848,
    3.7479300498962402,
    3.7508697509765625,
    3.7419629096984863,
    3.7408008575439453,
    3.7397594451904297,
    3.734177589416504,
    3.7344603538513184,
    3.734834671020508,
    3.7297756671905518,
    3.7284746170043945,
    3.726942300796509,
    3.723573923110962,
    3.720951557159424,
    3.719379425048828,
    3.7224130630493164,
    3.7167887687683105,
    3.717134952545166,
    3.7180187702178955,
    3.715883255004883,
    3.7124545574188232,
    3.709671974182129,
    3.7100605964660645,
    3.7068560123443604,
    3.7048845291137695,
    3.7020249366760254,
    3.7034366130828857,
    3.6999292373657227,
    3.699416399002075,
    3.699648857116699,
    3.695939064025879,
    3.6958653926849365,
    3.6973180770874023,
    3.6934969425201416,
    3.6918811798095703,
    3.6922616958618164,
    3.6907732486724854,
    3.6897706985473633,
    3.6889078617095947,
    3.689180374145508,
    3.686537504196167,
    3.687570810317993,
    3.6848292350769043,
    3.6832172870635986,
    3.6842119693756104,
    3.682061195373535,
    3.681655168533325,
    3.681415557861328,
    3.680368185043335,
    3.680569887161255,
    3.679733991622925,
    3.6793885231018066,
    3.678823947906494,
    3.678189754486084,
    3.6776256561279297,
    3.6781091690063477,
    3.6772570610046387,
    3.676913261413574,
    3.676689624786377,
    3.6766018867492676,
    3.676077365875244,
    3.6755056381225586,
    3.6757583618164062,
    3.675194263458252,
    3.67486572265625,
    3.6749918460845947,
    3.674767017364502,
    3.674544334411621,
    3.6746535301208496,
    3.673994541168213,
    3.6736268997192383
  ],
  "wall_seconds": 289.4
}
