{
  "best_epoch": 119,
  "best_val_objective": 2.123436450958252,
  "cost_bps": 20.0,
  "epochs_trained": 120,
  "hidden": [
    32,
    32
  ],
  "market": {
    "gbm": {
      "mu": 0.0,
      "s0": 100.0,
      "sigma": 0.2
    },
    "horizon": 0.25,
    "n_steps": 63,
    "strike": 100.0
  },
  "max_epochs": 120,
  "objective": {
    "alpha": 0.95,
    "kind": "mean_cvar",
    "lam": 1.0
  },
  "optimizer": {
    "batch_size": 8192,
    "lr": 0.003,
    "name": "adam",
    "schedule": "cosine",
    "train_dtype": "float32"
  },
  "patience": 12,
  "seed": 3,
  "smoke": false,
  "torch_version": "2.13.0+cpu",
  "train_curve": [
    7.649663741771992,
    6.2248233281649075,
    3.7139394466693583,
    2.8589620957007775,
    2.7512402534484863,
    2.642079445031973,
    2.5538744009458103,
    2.478246945601243,
    2.406568563901461,
    2.339415348493136,
    2.2832305431365967,
    2.259099080012395,
    2.239039182662964,
    2.230019899515005,
    2.226655354866615,
    2.2245231591738186,
    2.2278980291806736,
    2.2222857842078576,
    2.2176274152902455,
    2.220178585786086,
    2.2233535326444187,
    2.221188288468581,
    2.216600326391367,
    2.2110290160545936,
    2.213115196961623,
    2.208182921776405,
    2.217345586189857,
    2.210440360582792,
    2.216404621417706,
    2.2083930052243748,
    2.2072615990271935,
    2.201848892065195,
    2.1988619841062107,
    2.204330462675828,
    2.201257558969351,
    2.199939416005061,
    2.2032599449157715,
    2.1994624504676232,
    2.1995428708883433,
    2.1981147802793064,
    2.1958683087275577,
    2.196404823890099,
    2.192043762940627,
    2.187552947264451,
    2.193107091463529,
    2.187764736322256,
    2.1872146679804874,
    2.1824715320880594,
    2.1820777379549465,
    2.1888784812046933,
    2.1816108593573937,
    2.1802827761723447,
    2.1749696731567383,
    2.1758642746851993,
    2.170869570512038,
    2.1733237229860745,
    2.172206090046809,
    2.1650802538945126,
    2.170508788182185,
    2.1668464037088246,
    2.1678121089935303,
    2.1646427741417518,
    2.16210570702186,
    2.1569242294018087,
    2.1615393528571496,
    2.157800637758695,
    2.157230358857375,
    2.1572805734781118,
    2.1569753976968618,
    2.1545394383943997,
    2.1532322626847487,
    2.1530910638662486,
    2.14975852232713,
    2.1482764390798716,
    2.152603479532095,
    2.1560109028449426,
    2.146842131247887,
    2.146312108406654,
    2.1490259904127855,
    2.1513354778289795,
    2.1457837178156924,
    2.141445728448721,
    2.145217803808359,
    2.1411333634303165,
    2.140710317171537,
    2.144116163253784,
    2.1432126485384426,
    2.140275478363037,
    2.1391039995046763,
    2.1376906541677623,
    2.133118959573599,
    2.140553015929002,
    2.135954269996056,
    2.1380558747511644,
    2.1396780564234805,
    2.139935860267052,
    2.1386520128983717,
    2.134666369511531,
    2.1408202097966123,
    2.1393666634192834,
    2.136587326343243,
    2.1358138964726376,
    2.1344321691072903,
    2.138337795551007,
    2.139448514351478,
    2.137844837628878,
    2.1357671114114614,
    2.1391993119166446,
    2.1325047199542704,
    2.1347544009868917,
    2.136287285731389,
    2.1375024868891788,
    2.1382770721728983,
    2.137693533530602,
    2.1354342974149265,
    2.137217851785513,
    2.1367021523989163,
    2.1347694947169376,
    2.133630422445444,
    2.131225879375751
  ],
  "trained_on": {
    "TRAIN": {
      "n_paths": 100000,
      "sha256": "db20bf20d0b2cd9f284ed8563c53f300c956b781cdfbbfe2b1d0fc63d5275b1b"
    },
    "VAL": {
      "n_paths": 20000,
      "sha256": "c65c0567813875a0db56dfb6416ae82af0f901d53f5e6d83a61129fb8c538e47"
    }
  },
  "val_curve": [
    7.102234840393066,
    4.984443664550781,
    2.771378993988037,
    2.8431410789489746,
    2.6566100120544434,
    2.5864181518554688,
    2.500899314880371,
    2.4240336418151855,
    2.3489558696746826,
    2.292053699493408,
    2.250027656555176,
    2.230121612548828,
    2.2198028564453125,
    2.215585470199585,
    2.2155981063842773,
    2.2131080627441406,
    2.2136731147766113,
    2.213698625564575,
    2.217899799346924,
    2.2061116695404053,
    2.209800958633423,
    2.2037627696990967,
    2.2048592567443848,
    2.2081141471862793,
    2.202648162841797,
    2.2081074714660645,
    2.2036595344543457,
    2.199481248855591,
    2.1983139514923096,
    2.2013370990753174,
    2.1943912506103516,
    2.193791627883911,
    2.194444179534912,
    2.1927576065063477,
    2.191823720932007,
    2.1930646896362305,
    2.2032065391540527,
    2.2014431953430176,
    2.1864633560180664,
    2.1909353733062744,
    2.182483673095703,
    2.181438446044922,
    2.1827688217163086,
    2.1782593727111816,
    2.1875381469726562,
    2.177690029144287,
    2.178821086883545,
    2.175662040710449,
    2.1753921508789062,
    2.1711056232452393,
    2.1693062782287598,
    2.1689014434814453,
    2.168405294418335,
    2.163923978805542,
    2.162893295288086,
    2.162390947341919,
    2.1613268852233887,
    2.1630964279174805,
    2.1592092514038086,
    2.1561217308044434,
    2.154435157775879,
    2.1521072387695312,
    2.1518149375915527,
    2.149284839630127,
    2.152365207672119,
    2.146608829498291,
    2.1478428840637207,
    2.1450114250183105,
    2.1454920768737793,
    2.1429522037506104,
    2.141537666320801,
    2.1420867443084717,
    2.1409518718719482,
    2.1455888748168945,
    2.1395809650421143,
    2.1360795497894287,
    2.1362504959106445,
    2.136563301086426,
    2.134312152862549,
    2.1343777179718018,
    2.132850408554077,
    2.134591579437256,
    2.1315603256225586,
    2.131986618041992,
    2.130730152130127,
    2.131375789642334,
    2.131279468536377,
    2.129488706588745,
    2.1290700435638428,
    2.1292355060577393,
    2.1298813819885254,
    2.1283323764801025,
    2.1281120777130127,
    2.1280293464660645,
    2.1284432411193848,
    2.1265757083892822,
    2.1265482902526855,
    2.1290578842163086,
    2.126086950302124,
    2.1263060569763184,
    2.125814914703369,
    2.1259074211120605,
    2.125047445297241,
    2.1250672340393066,
    2.124939441680908,
    2.1248979568481445,
    2.124789237976074,
    2.1252002716064453,
    2.1245455741882324,
    2.124575138092041,
    2.1243457794189453,
    2.1246438026428223,
    2.1241486072540283,
    2.124147415161133,
    2.1239757537841797,
    2.123617649078369,
    2.123795986175537,
    2.1239655017852783,
    2.123610496520996,
    2.123436450958252
  ],
  "wall_seconds": 306.2
}
