{
  "best_epoch": 48,
  "best_val_objective": 3.7780027389526367,
  "cost_bps": 50.0,
  "epochs_trained": 50,
  "hidden": [
    32,
    32
  ],
  "market": {
    "gbm": {
      "mu": 0.0,
      "s0": 100.0,
      "sigma": 0.2
    },
    "horizon": 0.25,
    "n_steps": 63,
    "strike": 100.0
  },
  "max_epochs": 50,
  "objective": {
    "alpha": 0.95,
    "kind": "mean_cvar",
    "lam": 1.0
  },
  "optimizer": {
    "batch_size": 8192,
    "lr": 0.003,
    "name": "adam",
    "schedule": "cosine",
    "train_dtype": "float32"
  },
  "patience": 8,
  "seed": 4,
  "smoke": false,
  "torch_version": "2.13.0+cpu",
  "train_curve": [
    8.821339974036583,
    8.236795938931978,
    7.226107634030855,
    5.407891456897442,
    4.872222130115215,
    4.639370478116549,
    4.500651102799636,
    4.35177021760207,
    4.2080290500934305,
    4.048574190873366,
    3.9246028570028453,
    3.853141472889827,
    3.8302865578578067,
    3.823584189781776,
    3.823016185026902,
    3.826147721363948,
    3.8205345410567064,
    3.815679036653959,
    3.8183469772338867,
    3.8104253182044396,
    3.8106807378622203,
    3.810084654734685,
    3.8083393023564267,
    3.8017078729776235,
    3.81134295463562,
    3.8039819460648756,
    3.8043295236734243,
    3.8008368015289307,
    3.7967130220853367,
    3.794008126625648,
    3.7966418266296387,
    3.7903452653151293,
    3.7963644174429088,
    3.78835338812608,
    3.788967701104971,
    3.7942007871774526,
    3.793344937838041,
    3.790227303138146,
    3.7849807189061093,
    3.784712002827571,
    3.784869359089778,
    3.7842713319338284,
    3.7898071179023156,
    3.785611996283898,
    3.7850361053760233,
    3.7848651042351356,
    3.7859187492957482,
    3.7834214980785665,
    3.782779785302969,
    3.78266585790194
  ],
  "trained_on": {
    "TRAIN": {
      "n_paths": 100000,
      "sha256": "db20bf20d0b2cd9f284ed8563c53f300c956b781cdfbbfe2b1d0fc63d5275b1b"
    },
    "VAL": {
      "n_paths": 20000,
      "sha256": "c65c0567813875a0db56dfb6416ae82af0f901d53f5e6d83a61129fb8c538e47"
    }
  },
  "val_curve": [
    8.497782707214355,
    7.838068962097168,
    6.288228988647461,
    4.878604412078857,
    4.733634948730469,
    4.558004379272461,
    4.406556129455566,
    4.263462066650391,
    4.109520435333252,
    3.96158504486084,
    3.8581395149230957,
    3.8212013244628906,
    3.8182568550109863,
    3.8122472763061523,
    3.818535327911377,
    3.8085508346557617,
    3.811453342437744,
    3.8083086013793945,
    3.810885429382324,
    3.8017168045043945,
    3.799475908279419,
    3.8011422157287598,
    3.8012211322784424,
    3.7948684692382812,
    3.801417827606201,
    3.7930054664611816,
    3.7962517738342285,
    3.7899692058563232,
    3.7893872261047363,
    3.790564775466919,
    3.7862253189086914,
    3.7867255210876465,
    3.7857747077941895,
    3.7857236862182617,
    3.784878969192505,
    3.782120704650879,
    3.7834277153015137,
    3.7817068099975586,
    3.7801897525787354,
    3.781071186065674,
    3.780344009399414,
    3.779712200164795,
    3.779538631439209,
    3.7794899940490723,
    3.7790088653564453,
    3.77884578704834,
    3.778500556945801,
    3.7788267135620117,
    3.7780027389526367,
    3.7782087326049805
  ],
  "wall_seconds": 216.2
}
