{
  "best_epoch": 119,
  "best_val_objective": 2.1458353996276855,
  "cost_bps": 20.0,
  "epochs_trained": 120,
  "hidden": [
    32,
    32
  ],
  "market": {
    "gbm": {
      "mu": 0.0,
      "s0": 100.0,
      "sigma": 0.2
    },
    "horizon": 0.25,
    "n_steps": 63,
    "strike": 100.0
  },
  "max_epochs": 120,
  "objective": {
    "alpha": 0.95,
    "kind": "mean_cvar",
    "lam": 1.0
  },
  "optimizer": {
    "batch_size": 8192,
    "lr": 0.003,
    "name": "adam",
    "schedule": "cosine",
    "train_dtype": "float32"
  },
  "patience": 12,
  "seed": 0,
  "smoke": false,
  "torch_version": "2.13.0+cpu",
  "train_curve": [
    7.7583285845243015,
    6.655748183910664,
    4.4649227765890265,
    2.950917225617629,
    2.9252473757817197,
    2.7729849265171933,
    2.6905405704791727,
    2.6159226527580848,
    2.5307013438298154,
    2.4358729399167576,
    2.345504192205576,
    2.276219202921941,
    2.248988830126249,
    2.2420238164755015,
    2.233943168933575,
    2.2365942918337307,
    2.232378592857948,
    2.226741772431594,
    2.225023416372446,
    2.2219928227938137,
    2.2210675202883206,
    2.2229516322796163,
    2.2199407540834866,
    2.2201754496647763,
    2.2223840860220103,
    2.2175498008728027,
    2.2191811341505785,
    2.211857245518611,
    2.210312384825486,
    2.2106615213247447,
    2.210276567018949,
    2.2138464817633996,
    2.207430417721088,
    2.206514596939087,
    2.2083547115325928,
    2.20483268224276,
    2.2007741928100586,
    2.1981558616344747,
    2.196516147026649,
    2.2006562856527476,
    2.192657158924983,
    2.194791922202477,
    2.19735992871798,
    2.1934142112731934,
    2.195555778650137,
    2.1960894878094015,
    2.1965239414801965,
    2.1918949347275953,
    2.1895928382873535,
    2.1829631328582764,
    2.1861251500936656,
    2.1854327825399547,
    2.1826185079721303,
    2.183408883901743,
    2.1818122130173903,
    2.1837404507857103,
    2.181367268929115,
    2.174007984308096,
    2.179553215320294,
    2.1820623874664307,
    2.1750722114856424,
    2.1763569575089674,
    2.181858943058894,
    2.1788912553053637,
    2.17372465133667,
    2.1751704399402323,
    2.1713282878582296,
    2.1742722621330848,
    2.173554989007803,
    2.1731518231905422,
    2.1696426501640906,
    2.171478895040659,
    2.1677832970252404,
    2.1670012107262244,
    2.1647337766794057,
    2.164641490349403,
    2.169817300943228,
    2.1689292100759654,
    2.1625839930314283,
    2.165039135859563,
    2.162040013533372,
    2.1615452216221738,
    2.1662212701944203,
    2.1632081545316257,
    2.1638443103203406,
    2.162247217618502,
    2.162506158535297,
    2.161495043681218,
    2.1603739261627197,
    2.1600941878098707,
    2.162469643812913,
    2.1600741239694448,
    2.160464103405292,
    2.156921936915471,
    2.1570303440093994,
    2.158584392987765,
    2.1573572158813477,
    2.157601466545692,
    2.163356615946843,
    2.153761937068059,
    2.162679067024818,
    2.1612343237950253,
    2.155948290458092,
    2.1573350246136007,
    2.1577298091008115,
    2.1607807782980113,
    2.1604168781867394,
    2.160178826405452,
    2.159736211483295,
    2.1548867409045878,
    2.1563112919147196,
    2.1582320836874156,
    2.1562731632819543,
    2.1529235473045936,
    2.1517238250145545,
    2.156004703961886,
    2.1586481424478383,
    2.155637080852802,
    2.15474350635822,
    2.1551819031055155
  ],
  "trained_on": {
    "TRAIN": {
      "n_paths": 100000,
      "sha256": "db20bf20d0b2cd9f284ed8563c53f300c956b781cdfbbfe2b1d0fc63d5275b1b"
    },
    "VAL": {
      "n_paths": 20000,
      "sha256": "c65c0567813875a0db56dfb6416ae82af0f901d53f5e6d83a61129fb8c538e47"
    }
  },
  "val_curve": [
    7.337732315063477,
    5.6880693435668945,
    3.1603925228118896,
    2.950465440750122,
    2.7982044219970703,
    2.7233870029449463,
    2.6396515369415283,
    2.5533175468444824,
    2.4776573181152344,
    2.366208076477051,
    2.289921522140503,
    2.2411038875579834,
    2.23724627494812,
    2.2230329513549805,
    2.2194859981536865,
    2.2215192317962646,
    2.2161331176757812,
    2.214205026626587,
    2.217942476272583,
    2.223186492919922,
    2.2103233337402344,
    2.208643913269043,
    2.207059383392334,
    2.209113121032715,
    2.204221487045288,
    2.217576503753662,
    2.214752435684204,
    2.2018327713012695,
    2.20474910736084,
    2.2014858722686768,
    2.2110304832458496,
    2.199666976928711,
    2.204171657562256,
    2.198072671890259,
    2.1962785720825195,
    2.1942825317382812,
    2.192772388458252,
    2.1917781829833984,
    2.1880922317504883,
    2.1874825954437256,
    2.1887075901031494,
    2.1880106925964355,
    2.1856608390808105,
    2.184999704360962,
    2.1851422786712646,
    2.189119577407837,
    2.183760404586792,
    2.178849458694458,
    2.1770684719085693,
    2.178622245788574,
    2.175943613052368,
    2.175926446914673,
    2.1742918491363525,
    2.176236391067505,
    2.1727828979492188,
    2.1714444160461426,
    2.171919345855713,
    2.1697301864624023,
    2.172077178955078,
    2.1676957607269287,
    2.181828498840332,
    2.168329954147339,
    2.165178060531616,
    2.1642777919769287,
    2.1645097732543945,
    2.1642327308654785,
    2.163337230682373,
    2.1663827896118164,
    2.159925699234009,
    2.161722183227539,
    2.1595077514648438,
    2.1604936122894287,
    2.1585428714752197,
    2.1585006713867188,
    2.1574833393096924,
    2.1571781635284424,
    2.1566877365112305,
    2.155907392501831,
    2.155717372894287,
    2.1547861099243164,
    2.155045509338379,
    2.1555843353271484,
    2.1540284156799316,
    2.1537973880767822,
    2.153148889541626,
    2.1529645919799805,
    2.1521267890930176,
    2.1516149044036865,
    2.1533093452453613,
    2.1510837078094482,
    2.1520636081695557,
    2.1502020359039307,
    2.150017261505127,
    2.149435520172119,
    2.1499407291412354,
    2.1496310234069824,
    2.1489953994750977,
    2.148921251296997,
    2.1486546993255615,
    2.1482930183410645,
    2.147754669189453,
    2.148209571838379,
    2.148301362991333,
    2.1475577354431152,
    2.147559642791748,
    2.147636890411377,
    2.1475424766540527,
    2.1471495628356934,
    2.1474437713623047,
    2.14711856842041,
    2.1465659141540527,
    2.146544933319092,
    2.1464455127716064,
    2.1462695598602295,
    2.146097421646118,
    2.146265745162964,
    2.1462972164154053,
    2.1463851928710938,
    2.1460306644439697,
    2.1458353996276855
  ],
  "wall_seconds": 271.9
}
