{
  "best_epoch": 116,
  "best_val_objective": 1.1925607919692993,
  "cost_bps": 5.0,
  "epochs_trained": 120,
  "hidden": [
    32,
    32
  ],
  "market": {
    "gbm": {
      "mu": 0.0,
      "s0": 100.0,
      "sigma": 0.2
    },
    "horizon": 0.25,
    "n_steps": 63,
    "strike": 100.0
  },
  "max_epochs": 120,
  "objective": {
    "alpha": 0.95,
    "kind": "mean_cvar",
    "lam": 1.0
  },
  "optimizer": {
    "batch_size": 8192,
    "lr": 0.003,
    "name": "adam",
    "schedule": "cosine",
    "train_dtype": "float32"
  },
  "patience": 12,
  "seed": 2,
  "smoke": false,
  "torch_version": "2.13.0+cpu",
  "train_curve": [
    7.5081215638380785,
    6.476574677687425,
    4.431967753630418,
    2.2110232481589684,
    1.9414081940284142,
    1.8446816756175115,
    1.7887176458652203,
    1.7568671428240263,
    1.72478960110591,
    1.6801453003516564,
    1.6260236593393178,
    1.5781475213857799,
    1.5117788865016057,
    1.4430664502657378,
    1.3820430223758404,
    1.3384406291521513,
    1.3207134008407593,
    1.314355648480929,
    1.31622209915748,
    1.3102252666766827,
    1.3066981847469623,
    1.29941660624284,
    1.298135674916781,
    1.2958391904830933,
    1.2972512795374944,
    1.2931653536283052,
    1.2938460661814764,
    1.28743799833151,
    1.2902734554730928,
    1.2901137150250948,
    1.2881882007305439,
    1.2805493978353648,
    1.2803544723070586,
    1.2767501060779278,
    1.2772278694006114,
    1.2780181994804969,
    1.2738945117363563,
    1.2686228935535138,
    1.271701693534851,
    1.2726473808288574,
    1.262352283184345,
    1.2613015449964082,
    1.2591145955599272,
    1.2567461453951323,
    1.2532241161052997,
    1.2453372203386748,
    1.2481172268207257,
    1.2437665462493896,
    1.246360577069796,
    1.241546474970304,
    1.2408374547958374,
    1.2373843284753652,
    1.2324129801530104,
    1.2318874780948346,
    1.2366666793823242,
    1.2295697835775523,
    1.2312171917695265,
    1.2293773889541626,
    1.2266810123737042,
    1.223861052439763,
    1.2241750772182758,
    1.2274419619486883,
    1.221249057696416,
    1.2206588158240685,
    1.219385183774508,
    1.2191664163882916,
    1.218840085543119,
    1.2204443491422212,
    1.2157377554820135,
    1.2174656299444346,
    1.2137347368093638,
    1.2183462656461275,
    1.215600353020888,
    1.2117409706115723,
    1.2121130319742055,
    1.2145972068493183,
    1.2091237214895396,
    1.2136799463858972,
    1.2109480912868793,
    1.216078253892752,
    1.2075458123133733,
    1.211016664138207,
    1.2108491475765522,
    1.2094666407658503,
    1.2106562577761137,
    1.210053590627817,
    1.2107368065760686,
    1.2120818358201246,
    1.214397980616643,
    1.2064935702543993,
    1.2050395928896391,
    1.2071744386966412,
    1.205319147843581,
    1.2088448909612803,
    1.207433297083928,
    1.2023785939583411,
    1.2069656390410204,
    1.2039010157951942,
    1.2074069610008826,
    1.2078344180033758,
    1.2066076260346632,
    1.2050443154114943,
    1.2067850828170776,
    1.207382165468656,
    1.2100293911420381,
    1.2051677245360155,
    1.2079756351617665,
    1.208458423614502,
    1.2086597314247718,
    1.2054194120260386,
    1.2064618514134333,
    1.205824274283189,
    1.2095890136865468,
    1.2086281226231501,
    1.2039808860191932,
    1.2044168343910804,
    1.2040850382584791,
    1.20384497825916,
    1.2098861657656157,
    1.2064364048150868
  ],
  "trained_on": {
    "TRAIN": {
      "n_paths": 100000,
      "sha256": "db20bf20d0b2cd9f284ed8563c53f300c956b781cdfbbfe2b1d0fc63d5275b1b"
    },
    "VAL": {
      "n_paths": 20000,
      "sha256": "c65c0567813875a0db56dfb6416ae82af0f901d53f5e6d83a61129fb8c538e47"
    }
  },
  "val_curve": [
    7.055253505706787,
    5.608744144439697,
    2.9187514781951904,
    1.922627329826355,
    1.8792940378189087,
    1.7969205379486084,
    1.776165246963501,
    1.725313425064087,
    1.6876791715621948,
    1.6462448835372925,
    1.593010425567627,
    1.5379389524459839,
    1.4666731357574463,
    1.4045522212982178,
    1.3434299230575562,
    1.3160258531570435,
    1.3078786134719849,
    1.305098533630371,
    1.2987350225448608,
    1.2955634593963623,
    1.2923393249511719,
    1.2890815734863281,
    1.2895138263702393,
    1.2873327732086182,
    1.2852833271026611,
    1.3015013933181763,
    1.2842981815338135,
    1.2860686779022217,
    1.2801485061645508,
    1.275322675704956,
    1.2752742767333984,
    1.2690638303756714,
    1.270175576210022,
    1.2678080797195435,
    1.2651327848434448,
    1.264636754989624,
    1.2596200704574585,
    1.2565600872039795,
    1.2560930252075195,
    1.254638910293579,
    1.2503317594528198,
    1.2482808828353882,
    1.2453597784042358,
    1.2448569536209106,
    1.2401999235153198,
    1.2407097816467285,
    1.234568476676941,
    1.2333537340164185,
    1.2384902238845825,
    1.2350395917892456,
    1.2264169454574585,
    1.2272071838378906,
    1.2227067947387695,
    1.2199110984802246,
    1.2182674407958984,
    1.218869924545288,
    1.2183120250701904,
    1.2123972177505493,
    1.2121156454086304,
    1.211656928062439,
    1.2099848985671997,
    1.2081024646759033,
    1.2075631618499756,
    1.2065496444702148,
    1.205649495124817,
    1.2056231498718262,
    1.203789234161377,
    1.2048141956329346,
    1.2095335721969604,
    1.202394962310791,
    1.2006762027740479,
    1.2008143663406372,
    1.2032532691955566,
    1.201735019683838,
    1.198369026184082,
    1.1989907026290894,
    1.1983685493469238,
    1.1984931230545044,
    1.1979420185089111,
    1.1992353200912476,
    1.1977894306182861,
    1.197613000869751,
    1.1959373950958252,
    1.2004033327102661,
    1.1980921030044556,
    1.19514799118042,
    1.1963790655136108,
    1.1961718797683716,
    1.1957839727401733,
    1.1945078372955322,
    1.1944255828857422,
    1.194203495979309,
    1.1944223642349243,
    1.1945979595184326,
    1.1941964626312256,
    1.194013237953186,
    1.193440318107605,
    1.1941187381744385,
    1.1943095922470093,
    1.1935124397277832,
    1.193787693977356,
    1.1940370798110962,
    1.1932227611541748,
    1.1934871673583984,
    1.1932892799377441,
    1.1934547424316406,
    1.1932134628295898,
    1.1931109428405762,
    1.1933155059814453,
    1.1932610273361206,
    1.1928589344024658,
    1.1928763389587402,
    1.1928653717041016,
    1.1928861141204834,
    1.1930736303329468,
    1.1927188634872437,
    1.1925607919692993,
    1.1926469802856445,
    1.192671298980713,
    1.19279146194458
  ],
  "wall_seconds": 262.2
}
