{
  "best_epoch": 48,
  "best_val_objective": 3.780398368835449,
  "cost_bps": 50.0,
  "epochs_trained": 50,
  "hidden": [
    32,
    32
  ],
  "market": {
    "gbm": {
      "mu": 0.0,
      "s0": 100.0,
      "sigma": 0.2
    },
    "horizon": 0.25,
    "n_steps": 63,
    "strike": 100.0
  },
  "max_epochs": 50,
  "objective": {
    "alpha": 0.95,
    "kind": "mean_cvar",
    "lam": 1.0
  },
  "optimizer": {
    "batch_size": 8192,
    "lr": 0.003,
    "name": "adam",
    "schedule": "cosine",
    "train_dtype": "float32"
  },
  "patience": 8,
  "seed": 1,
  "smoke": false,
  "torch_version": "2.13.0+cpu",
  "train_curve": [
    8.746365033663237,
    7.875808165623591,
    6.193947021777813,
    4.742689609527588,
    4.6416442944453316,
    4.4561590781578655,
    4.358490467071533,
    4.267231757824238,
    4.1846137046813965,
    4.092802011049711,
    4.0109199193807745,
    3.9342065957876353,
    3.881228813758263,
    3.8464758579547587,
    3.8244659350468564,
    3.824695788897001,
    3.8093119401198168,
    3.8116911007807803,
    3.809712520012489,
    3.806347920344426,
    3.8056642825786886,
    3.808852012340839,
    3.8018613778627834,
    3.804340124130249,
    3.799756196828989,
    3.7976763798640323,
    3.8025531402001014,
    3.7983807233663707,
    3.8016269023601827,
    3.7913785714369554,
    3.7929270450885477,
    3.7961498223818264,
    3.794202052629911,
    3.7924200021303616,
    3.791649524982159,
    3.7913208374610314,
    3.7917424532083364,
    3.792272237630991,
    3.7884306724254904,
    3.794377510364239,
    3.79116362791795,
    3.78742922269381,
    3.788526314955491,
    3.7861404602344217,
    3.79470603282635,
    3.790997706926786,
    3.788896762407743,
    3.7867243473346415,
    3.783360536281879,
    3.788362448032086
  ],
  "trained_on": {
    "TRAIN": {
      "n_paths": 100000,
      "sha256": "db20bf20d0b2cd9f284ed8563c53f300c956b781cdfbbfe2b1d0fc63d5275b1b"
    },
    "VAL": {
      "n_paths": 20000,
      "sha256": "c65c0567813875a0db56dfb6416ae82af0f901d53f5e6d83a61129fb8c538e47"
    }
  },
  "val_curve": [
    8.336417198181152,
    7.167703628540039,
    5.021193027496338,
    4.728909969329834,
    4.484457015991211,
    4.399257183074951,
    4.300858974456787,
    4.209528923034668,
    4.122128009796143,
    4.035283088684082,
    3.9585330486297607,
    3.8911948204040527,
    3.843930244445801,
    3.8217110633850098,
    3.821953296661377,
    3.811234951019287,
    3.804360866546631,
    3.8077077865600586,
    3.8021068572998047,
    3.7986679077148438,
    3.7981691360473633,
    3.802616596221924,
    3.8028182983398438,
    3.79543399810791,
    3.7909774780273438,
    3.791943073272705,
    3.800416946411133,
    3.8030455112457275,
    3.78916597366333,
    3.78694486618042,
    3.7881691455841064,
    3.785078763961792,
    3.7844386100769043,
    3.7855374813079834,
    3.7841668128967285,
    3.7844326496124268,
    3.784359931945801,
    3.7828593254089355,
    3.7818970680236816,
    3.7829349040985107,
    3.781860828399658,
    3.781254291534424,
    3.781208038330078,
    3.781484603881836,
    3.7811179161071777,
    3.781449794769287,
    3.7806947231292725,
    3.7808375358581543,
    3.780398368835449,
    3.780470848083496
  ],
  "wall_seconds": 117.9
}
