{
  "best_epoch": 49,
  "best_val_objective": 3.7859106063842773,
  "cost_bps": 50.0,
  "epochs_trained": 50,
  "hidden": [
    32,
    32
  ],
  "market": {
    "gbm": {
      "mu": 0.0,
      "s0": 100.0,
      "sigma": 0.2
    },
    "horizon": 0.25,
    "n_steps": 63,
    "strike": 100.0
  },
  "max_epochs": 50,
  "objective": {
    "alpha": 0.95,
    "kind": "mean_cvar",
    "lam": 1.0
  },
  "optimizer": {
    "batch_size": 8192,
    "lr": 0.003,
    "name": "adam",
    "schedule": "cosine",
    "train_dtype": "float32"
  },
  "patience": 8,
  "seed": 3,
  "smoke": false,
  "torch_version": "2.13.0+cpu",
  "train_curve": [
    8.40272540312547,
    7.2544301106379585,
    5.194044553316557,
    4.6199858005230245,
    4.394514303940993,
    4.254697322845459,
    4.134024693415715,
    4.027745081828191,
    3.945254931083092,
    3.8828431276174693,
    3.8416562263782206,
    3.8337858640230618,
    3.824630480546218,
    3.824834236731896,
    3.819537566258357,
    3.814359481518085,
    3.824847991649921,
    3.8110983738532433,
    3.809683377926166,
    3.807122120490441,
    3.817828343464778,
    3.8154012056497426,
    3.8085990135486307,
    3.8016890562497654,
    3.8037843887622538,
    3.801358149601863,
    3.8060446885915904,
    3.800396369053767,
    3.806318374780508,
    3.803088609988873,
    3.797418374281663,
    3.7949076065650353,
    3.7947823267716627,
    3.80249469096844,
    3.791537890067467,
    3.7912225539867697,
    3.8020163682790904,
    3.794463744530311,
    3.7928733275486874,
    3.7933066074664774,
    3.7907091104067288,
    3.8002823682931752,
    3.7952783474555383,
    3.7946058970231276,
    3.7960235338944655,
    3.795002607198862,
    3.7968811255234938,
    3.789653649696937,
    3.789659995299119,
    3.7984348077040453
  ],
  "trained_on": {
    "TRAIN": {
      "n_paths": 100000,
      "sha256": "db20bf20d0b2cd9f284ed8563c53f300c956b781cdfbbfe2b1d0fc63d5275b1b"
    },
    "VAL": {
      "n_paths": 20000,
      "sha256": "c65c0567813875a0db56dfb6416ae82af0f901d53f5e6d83a61129fb8c538e47"
    }
  },
  "val_curve": [
    7.975794792175293,
    6.230599403381348,
    4.556343078613281,
    4.479455947875977,
    4.3231377601623535,
    4.1854939460754395,
    4.064846515655518,
    3.9657888412475586,
    3.8842763900756836,
    3.8423190116882324,
    3.820006847381592,
    3.818966865539551,
    3.816248893737793,
    3.8135175704956055,
    3.810598373413086,
    3.8090474605560303,
    3.8102364540100098,
    3.806793689727783,
    3.8031954765319824,
    3.800999164581299,
    3.805302381515503,
    3.7986888885498047,
    3.797914505004883,
    3.7980809211730957,
    3.803025960922241,
    3.794638156890869,
    3.796457052230835,
    3.7932329177856445,
    3.7946343421936035,
    3.791658878326416,
    3.791757822036743,
    3.7933759689331055,
    3.790292263031006,
    3.789778709411621,
    3.789111614227295,
    3.788738489151001,
    3.7892532348632812,
    3.7941415309906006,
    3.787630081176758,
    3.7891082763671875,
    3.78721022605896,
    3.786937713623047,
    3.786994457244873,
    3.787024974822998,
    3.786221504211426,
    3.786100387573242,
    3.786201000213623,
    3.786311626434326,
    3.7859537601470947,
    3.7859106063842773
  ],
  "wall_seconds": 130.7
}
