{
  "best_epoch": 119,
  "best_val_objective": 2.1194372177124023,
  "cost_bps": 20.0,
  "epochs_trained": 120,
  "hidden": [
    32,
    32
  ],
  "market": {
    "gbm": {
      "mu": 0.0,
      "s0": 100.0,
      "sigma": 0.2
    },
    "horizon": 0.25,
    "n_steps": 63,
    "strike": 100.0
  },
  "max_epochs": 120,
  "objective": {
    "alpha": 0.95,
    "kind": "mean_cvar",
    "lam": 1.0
  },
  "optimizer": {
    "batch_size": 8192,
    "lr": 0.003,
    "name": "adam",
    "schedule": "cosine",
    "train_dtype": "float32"
  },
  "patience": 12,
  "seed": 4,
  "smoke": false,
  "torch_version": "2.13.0+cpu",
  "train_curve": [
    8.1380049265348,
    7.355914005866418,
    5.946819708897517,
    3.6479561695685754,
    3.0467286660121036,
    2.943765273460975,
    2.837528503858126,
    2.7590002830211935,
    2.683711987275344,
    2.585503779924833,
    2.4889306105100193,
    2.3846566126896787,
    2.295926259114192,
    2.2483317301823544,
    2.2398562798133264,
    2.241237365282499,
    2.238636878820566,
    2.2383449261005106,
    2.237592495404757,
    2.230474123587975,
    2.2291921285482554,
    2.2332616402552676,
    2.2298674950232873,
    2.2236861999218283,
    2.2295857759622426,
    2.224009183736948,
    2.222717156777015,
    2.220003531529353,
    2.2156562438377967,
    2.2143318469707785,
    2.2177755649273214,
    2.211767856891339,
    2.211077231627244,
    2.204751784984882,
    2.2028591816241923,
    2.2063057239239035,
    2.2050135869246263,
    2.20416206579942,
    2.197289760296161,
    2.195007929435143,
    2.1948729111598086,
    2.191981865809514,
    2.1952561965355506,
    2.1910988917717567,
    2.1921327664301944,
    2.186431352908795,
    2.186859204218938,
    2.181823968887329,
    2.1825364919809194,
    2.1825966101426344,
    2.175871702340933,
    2.1779062014359694,
    2.1802319013155422,
    2.1774074664482703,
    2.1756916412940392,
    2.172616041623629,
    2.1681401912982645,
    2.1671171371753397,
    2.163537704027616,
    2.1632523169884315,
    2.1649328745328464,
    2.1630323850191555,
    2.1581169458536,
    2.1520850475017843,
    2.162687595073993,
    2.1577749802516055,
    2.153280111459585,
    2.152730556634756,
    2.154772189947275,
    2.148016416109525,
    2.150171059828538,
    2.148720704592191,
    2.1478049204899716,
    2.1484446342174826,
    2.1441632417532115,
    2.1460282435783973,
    2.145193173335149,
    2.1452329892378588,
    2.1467330822577844,
    2.1476647487053504,
    2.1401135738079367,
    2.138591069441575,
    2.138323893913856,
    2.141645523218008,
    2.145362083728497,
    2.1380123175107517,
    2.1379785537719727,
    2.1377936876737156,
    2.141530935580914,
    2.135316170178927,
    2.1389662669255185,
    2.1331430765298696,
    2.131966260763315,
    2.1329445838928223,
    2.1351302587068997,
    2.133432443325336,
    2.1426445154043345,
    2.1309075905726504,
    2.1293816566467285,
    2.1299417202289286,
    2.1316860822530894,
    2.1314430787013126,
    2.135838453586285,
    2.1324378710526686,
    2.135071094219501,
    2.128629574408898,
    2.133622793050913,
    2.1331877341637244,
    2.1339676746955285,
    2.1301897305708666,
    2.131031238115751,
    2.1328531228579006,
    2.132074997975276,
    2.131296524634728,
    2.1341607937446008,
    2.130153325887827,
    2.128935557145339,
    2.1303106271303616,
    2.130055996087881,
    2.1292245938227725
  ],
  "trained_on": {
    "TRAIN": {
      "n_paths": 100000,
      "sha256": "db20bf20d0b2cd9f284ed8563c53f300c956b781cdfbbfe2b1d0fc63d5275b1b"
    },
    "VAL": {
      "n_paths": 20000,
      "sha256": "c65c0567813875a0db56dfb6416ae82af0f901d53f5e6d83a61129fb8c538e47"
    }
  },
  "val_curve": [
    7.7183074951171875,
    6.788561820983887,
    4.696175575256348,
    3.026348352432251,
    2.986809015274048,
    2.8555798530578613,
    2.79002046585083,
    2.7077760696411133,
    2.6198127269744873,
    2.5237438678741455,
    2.4171061515808105,
    2.3148837089538574,
    2.2504708766937256,
    2.2307982444763184,
    2.2300353050231934,
    2.233642101287842,
    2.2289578914642334,
    2.2260384559631348,
    2.223655939102173,
    2.220550537109375,
    2.2280263900756836,
    2.2249650955200195,
    2.2202517986297607,
    2.2198145389556885,
    2.2214417457580566,
    2.2118704319000244,
    2.211540699005127,
    2.2049899101257324,
    2.205787181854248,
    2.212151288986206,
    2.2059428691864014,
    2.204220771789551,
    2.200599193572998,
    2.197688341140747,
    2.1981210708618164,
    2.192775249481201,
    2.194138526916504,
    2.1975369453430176,
    2.186781406402588,
    2.1851439476013184,
    2.1843838691711426,
    2.180499792098999,
    2.1812005043029785,
    2.188870906829834,
    2.1827893257141113,
    2.1758832931518555,
    2.175905704498291,
    2.1787710189819336,
    2.1789438724517822,
    2.1720104217529297,
    2.166200637817383,
    2.1708755493164062,
    2.1624808311462402,
    2.1615166664123535,
    2.1602885723114014,
    2.1577863693237305,
    2.1550564765930176,
    2.1577627658843994,
    2.1561570167541504,
    2.153672933578491,
    2.149413585662842,
    2.149994373321533,
    2.1497108936309814,
    2.152031660079956,
    2.146070718765259,
    2.1423795223236084,
    2.146228790283203,
    2.1412744522094727,
    2.13972806930542,
    2.1384129524230957,
    2.137503147125244,
    2.1372408866882324,
    2.136622905731201,
    2.135190486907959,
    2.1349949836730957,
    2.1331660747528076,
    2.132601499557495,
    2.134389877319336,
    2.137758255004883,
    2.1347007751464844,
    2.1290736198425293,
    2.1282145977020264,
    2.128227472305298,
    2.129240036010742,
    2.127100944519043,
    2.127432107925415,
    2.1259243488311768,
    2.125925302505493,
    2.1247262954711914,
    2.125133752822876,
    2.1248583793640137,
    2.1261184215545654,
    2.1237053871154785,
    2.123727321624756,
    2.123260498046875,
    2.1229822635650635,
    2.122558355331421,
    2.1220147609710693,
    2.121948719024658,
    2.1218037605285645,
    2.1215949058532715,
    2.121598958969116,
    2.121286153793335,
    2.1217222213745117,
    2.1209843158721924,
    2.1207451820373535,
    2.12087345123291,
    2.1206634044647217,
    2.12017560005188,
    2.120013475418091,
    2.1201674938201904,
    2.1203010082244873,
    2.1200830936431885,
    2.1198441982269287,
    2.1202592849731445,
    2.1197876930236816,
    2.1198623180389404,
    2.119616985321045,
    2.1195147037506104,
    2.1194372177124023
  ],
  "wall_seconds": 289.2
}
