{
  "best_epoch": 119,
  "best_val_objective": 3.634331703186035,
  "cost_bps": 50.0,
  "epochs_trained": 120,
  "hidden": [
    32,
    32
  ],
  "market": {
    "gbm": {
      "mu": 0.0,
      "s0": 100.0,
      "sigma": 0.2
    },
    "horizon": 0.25,
    "n_steps": 63,
    "strike": 100.0
  },
  "max_epochs": 120,
  "objective": {
    "alpha": 0.95,
    "kind": "mean_cvar",
    "lam": 1.0
  },
  "optimizer": {
    "batch_size": 8192,
    "lr": 0.003,
    "name": "adam",
    "schedule": "cosine",
    "train_dtype": "float32"
  },
  "patience": 12,
  "seed": 2,
  "smoke": false,
  "torch_version": "2.13.0+cpu",
  "train_curve": [
    8.598780705378605,
    7.917051902184119,
    6.4941798356863165,
    4.847695130568284,
    4.680433346674993,
    4.480443734389085,
    4.3815944744990425,
    4.280833317683293,
    4.182911982903113,
    4.079254370469314,
    3.9744260494525614,
    3.904133209815392,
    3.8511148416079006,
    3.830546269050011,
    3.837170124053955,
    3.825100073447594,
    3.8180093398460975,
    3.8145508032578688,
    3.816982966202956,
    3.8167296739724965,
    3.8122753363389235,
    3.8048835534315844,
    3.800885457258958,
    3.799540097896869,
    3.800562931941106,
    3.795476198196411,
    3.7981547759129453,
    3.7915387887221117,
    3.7934845044062686,
    3.7901640855349026,
    3.791554249249972,
    3.779076392834003,
    3.781770321039053,
    3.7813174724578857,
    3.781887439581064,
    3.778312554726234,
    3.781051617402297,
    3.772452317751371,
    3.7730269065270057,
    3.771825533646804,
    3.767273132617657,
    3.7612416560833273,
    3.759362514202411,
    3.754191178541917,
    3.754061148716853,
    3.7500683527726393,
    3.7479271521935096,
    3.7456504748417783,
    3.7483464020949144,
    3.741179007750291,
    3.74011938388531,
    3.7337169647216797,
    3.730449988291814,
    3.73204099214994,
    3.7343992453355055,
    3.7237563133239746,
    3.721941691178542,
    3.7193833131056566,
    3.7246862191420336,
    3.7202361547029934,
    3.7138457665076623,
    3.7219656247359056,
    3.7077847994290867,
    3.709454738176786,
    3.7083155742058387,
    3.701991374676044,
    3.6974654564490685,
    3.705147706545316,
    3.6988740884340725,
    3.693844960286067,
    3.684536548761221,
    3.6916939478654127,
    3.686604921634381,
    3.6843309769263635,
    3.681865802178016,
    3.6794435060941257,
    3.674874177345863,
    3.6725978667919454,
    3.6734611988067627,
    3.676895783497737,
    3.662461134103628,
    3.665720902956449,
    3.668134322533241,
    3.6671956135676456,
    3.6650607769305887,
    3.6641252774458666,
    3.6640089475191555,
    3.668128875585703,
    3.6628114993755636,
    3.6552288715655985,
    3.654857947276189,
    3.6578902281247654,
    3.653150650171133,
    3.651562048838689,
    3.6535705419687123,
    3.6512120687044582,
    3.651945334214431,
    3.6500410116635837,
    3.652899687106793,
    3.650574665803176,
    3.6496613575862002,
    3.6483435264000525,
    3.6506136380709133,
    3.6496938925523024,
    3.647175825559176,
    3.6446081491617055,
    3.6484503746032715,
    3.6485363153310924,
    3.6478274235358605,
    3.6445580262404222,
    3.6471199622521033,
    3.6472739623143124,
    3.6496301614321194,
    3.644851721250094,
    3.6394606736990123,
    3.645600667366615,
    3.639614857160128,
    3.641575813293457,
    3.6442280365870547,
    3.646486447407649
  ],
  "trained_on": {
    "TRAIN": {
      "n_paths": 100000,
      "sha256": "db20bf20d0b2cd9f284ed8563c53f300c956b781cdfbbfe2b1d0fc63d5275b1b"
    },
    "VAL": {
      "n_paths": 20000,
      "sha256": "c65c0567813875a0db56dfb6416ae82af0f901d53f5e6d83a61129fb8c538e47"
    }
  },
  "val_curve": [
    8.297861099243164,
    7.34520149230957,
    5.349667072296143,
    4.728257656097412,
    4.526456356048584,
    4.444413661956787,
    4.308013916015625,
    4.212419509887695,
    4.110038757324219,
    4.008450984954834,
    3.9164631366729736,
    3.855926513671875,
    3.824619770050049,
    3.832862377166748,
    3.812222480773926,
    3.8136608600616455,
    3.81146240234375,
    3.804534673690796,
    3.8040647506713867,
    3.8008129596710205,
    3.8021931648254395,
    3.8006036281585693,
    3.791332721710205,
    3.7995123863220215,
    3.7876853942871094,
    3.8102967739105225,
    3.7885029315948486,
    3.782687187194824,
    3.782289505004883,
    3.7869515419006348,
    3.7787961959838867,
    3.772735118865967,
    3.7836434841156006,
    3.779301643371582,
    3.7766318321228027,
    3.780472755432129,
    3.773648738861084,
    3.763629913330078,
    3.757816791534424,
    3.7584829330444336,
    3.755814552307129,
    3.751962661743164,
    3.750704765319824,
    3.7453179359436035,
    3.7435808181762695,
    3.74643874168396,
    3.743769645690918,
    3.7375760078430176,
    3.732917308807373,
    3.736393690109253,
    3.7318758964538574,
    3.7284836769104004,
    3.7295517921447754,
    3.723047971725464,
    3.722515106201172,
    3.715977668762207,
    3.713210344314575,
    3.7115392684936523,
    3.713777542114258,
    3.712401866912842,
    3.7096915245056152,
    3.7008743286132812,
    3.699183940887451,
    3.701521873474121,
    3.6925272941589355,
    3.6893725395202637,
    3.689572334289551,
    3.6926777362823486,
    3.683877468109131,
    3.6814074516296387,
    3.6773386001586914,
    3.678365707397461,
    3.6761507987976074,
    3.6745429039001465,
    3.6722960472106934,
    3.670689582824707,
    3.666022300720215,
    3.6682333946228027,
    3.663433074951172,
    3.6619887351989746,
    3.6588969230651855,
    3.659282684326172,
    3.656754493713379,
    3.656459331512451,
    3.6535959243774414,
    3.653416633605957,
    3.650669574737549,
    3.6510701179504395,
    3.6485371589660645,
    3.648083209991455,
    3.6477386951446533,
    3.6461644172668457,
    3.644801616668701,
    3.6446468830108643,
    3.644543170928955,
    3.643527030944824,
    3.6422524452209473,
    3.6424078941345215,
    3.641965866088867,
    3.640338897705078,
    3.6398510932922363,
    3.640072822570801,
    3.639214038848877,
    3.6381173133850098,
    3.639026165008545,
    3.6383743286132812,
    3.636591672897339,
    3.637622356414795,
    3.6370248794555664,
    3.6362922191619873,
    3.6362006664276123,
    3.636207342147827,
    3.6359400749206543,
    3.635690689086914,
    3.6350162029266357,
    3.6347854137420654,
    3.6347670555114746,
    3.6344683170318604,
    3.635021686553955,
    3.634331703186035
  ],
  "wall_seconds": 270.9
}
