{
  "best_epoch": 118,
  "best_val_objective": 1.2041157484054565,
  "cost_bps": 5.0,
  "epochs_trained": 120,
  "hidden": [
    32,
    32
  ],
  "market": {
    "gbm": {
      "mu": 0.0,
      "s0": 100.0,
      "sigma": 0.2
    },
    "horizon": 0.25,
    "n_steps": 63,
    "strike": 100.0
  },
  "max_epochs": 120,
  "objective": {
    "alpha": 0.95,
    "kind": "mean_cvar",
    "lam": 1.0
  },
  "optimizer": {
    "batch_size": 8192,
    "lr": 0.003,
    "name": "adam",
    "schedule": "cosine",
    "train_dtype": "float32"
  },
  "patience": 12,
  "seed": 0,
  "smoke": false,
  "torch_version": "2.13.0+cpu",
  "train_curve": [
    7.38272685271043,
    6.142113979046162,
    3.7398740695073056,
    1.9681613536981435,
    1.9266136242793157,
    1.8252942745502179,
    1.7632335057625403,
    1.7193022599587073,
    1.6688085060853224,
    1.6038226714501014,
    1.5341993845426118,
    1.4555651683073778,
    1.3883889546761146,
    1.3482224666155302,
    1.3324013031446016,
    1.3321105333474965,
    1.3264757761588464,
    1.3226584379489605,
    1.3194427306835468,
    1.3174322018256555,
    1.3132160351826594,
    1.3144010030306303,
    1.3119785143778875,
    1.310320496559143,
    1.31217399927286,
    1.308492009456341,
    1.3059054888211763,
    1.301509297811068,
    1.301934581536513,
    1.2955626891209528,
    1.297099416072552,
    1.3011373739976149,
    1.2925229164270253,
    1.288233261841994,
    1.290974681194012,
    1.2875399864636934,
    1.282735723715562,
    1.2820753959509044,
    1.2820116373208852,
    1.2792601952185998,
    1.2733518985601573,
    1.2763604109103863,
    1.275124843303974,
    1.2721918913034291,
    1.2708269449380727,
    1.2715113804890559,
    1.2683860338651216,
    1.263348469367394,
    1.2637785856540387,
    1.2555117423717792,
    1.2577708592781653,
    1.2572664205844586,
    1.2528551175044134,
    1.251399067732004,
    1.2495677379461436,
    1.2527665908520038,
    1.2496443344996526,
    1.2417495067302997,
    1.246525269288283,
    1.2460234715388372,
    1.2419543174596934,
    1.240456773684575,
    1.243473850763761,
    1.2414392874791071,
    1.2368007073035607,
    1.2381586203208337,
    1.2345099632556622,
    1.2373469976278453,
    1.2366104492774377,
    1.2348135251265306,
    1.2322025115673358,
    1.2321005234351525,
    1.2295474455906794,
    1.2270736144139216,
    1.2262678971657386,
    1.2283065502460186,
    1.231344149662898,
    1.2304278520437388,
    1.2231320417844331,
    1.2249378974621112,
    1.223103871712318,
    1.2213489092313325,
    1.2269927446658795,
    1.2235042682060828,
    1.2237139573464026,
    1.2230303287506104,
    1.2225772784306452,
    1.2199849165402925,
    1.2208833327660193,
    1.2195859872377837,
    1.2239111570211558,
    1.2230424422484178,
    1.2196113146268404,
    1.2189775613638072,
    1.218248385649461,
    1.219751633130587,
    1.2199258620922382,
    1.2182852763396044,
    1.2245366756732647,
    1.2162746832920954,
    1.2225367839519794,
    1.2218367961736827,
    1.2164306457226093,
    1.218362019612239,
    1.218272511775677,
    1.2212095260620117,
    1.222564092049232,
    1.2216470791743352,
    1.2218540906906128,
    1.2153969544630785,
    1.2193157214384813,
    1.2201310854691725,
    1.2173610100379357,
    1.2136135468116174,
    1.2155946034651537,
    1.218164297250601,
    1.218300773547246,
    1.2172242953227117,
    1.2164130027477558,
    1.216003234569843
  ],
  "trained_on": {
    "TRAIN": {
      "n_paths": 100000,
      "sha256": "db20bf20d0b2cd9f284ed8563c53f300c956b781cdfbbfe2b1d0fc63d5275b1b"
    },
    "VAL": {
      "n_paths": 20000,
      "sha256": "c65c0567813875a0db56dfb6416ae82af0f901d53f5e6d83a61129fb8c538e47"
    }
  },
  "val_curve": [
    6.90093469619751,
    5.066662311553955,
    2.29994797706604,
    1.903686285018921,
    1.8539016246795654,
    1.7736279964447021,
    1.7359025478363037,
    1.678955078125,
    1.6248366832733154,
    1.5587579011917114,
    1.4818850755691528,
    1.407414436340332,
    1.3447914123535156,
    1.324230670928955,
    1.3193490505218506,
    1.3177413940429688,
    1.3148107528686523,
    1.3147072792053223,
    1.3069448471069336,
    1.3091479539871216,
    1.301717758178711,
    1.3016610145568848,
    1.3007311820983887,
    1.2996530532836914,
    1.2937830686569214,
    1.2993073463439941,
    1.2988890409469604,
    1.2913488149642944,
    1.2858660221099854,
    1.2855244874954224,
    1.2974042892456055,
    1.2836101055145264,
    1.278948426246643,
    1.2790606021881104,
    1.279539704322815,
    1.2769525051116943,
    1.2699658870697021,
    1.2742669582366943,
    1.269211769104004,
    1.2643184661865234,
    1.271958827972412,
    1.265424132347107,
    1.2608554363250732,
    1.2584859132766724,
    1.2583566904067993,
    1.2579866647720337,
    1.2523281574249268,
    1.249659776687622,
    1.2480356693267822,
    1.2475857734680176,
    1.2443586587905884,
    1.2452547550201416,
    1.240553855895996,
    1.2389646768569946,
    1.2382129430770874,
    1.2364481687545776,
    1.2342078685760498,
    1.233177661895752,
    1.238587737083435,
    1.229839563369751,
    1.2372322082519531,
    1.2279133796691895,
    1.2261098623275757,
    1.2253307104110718,
    1.224863886833191,
    1.2223776578903198,
    1.2252750396728516,
    1.2218810319900513,
    1.2205818891525269,
    1.2206014394760132,
    1.2173829078674316,
    1.2178552150726318,
    1.2175296545028687,
    1.216663122177124,
    1.2144355773925781,
    1.2142622470855713,
    1.213718295097351,
    1.212891936302185,
    1.2127094268798828,
    1.2141072750091553,
    1.2113926410675049,
    1.2104235887527466,
    1.2103173732757568,
    1.2105581760406494,
    1.2096103429794312,
    1.2095129489898682,
    1.209159016609192,
    1.2087925672531128,
    1.2079875469207764,
    1.2074854373931885,
    1.2084357738494873,
    1.2072298526763916,
    1.2072629928588867,
    1.2066603899002075,
    1.2068017721176147,
    1.2064346075057983,
    1.2060739994049072,
    1.2061870098114014,
    1.2057888507843018,
    1.2059087753295898,
    1.2055431604385376,
    1.205856204032898,
    1.2057992219924927,
    1.2054635286331177,
    1.2052148580551147,
    1.2054882049560547,
    1.2050808668136597,
    1.204997181892395,
    1.2053818702697754,
    1.204818844795227,
    1.2045958042144775,
    1.2046269178390503,
    1.2046364545822144,
    1.2045199871063232,
    1.2045276165008545,
    1.204263687133789,
    1.2043958902359009,
    1.204352617263794,
    1.2041157484054565,
    1.204142451286316
  ],
  "wall_seconds": 542.5
}
