{
  "best_epoch": 49,
  "best_val_objective": 1.2923766374588013,
  "cost_bps": 5.0,
  "epochs_trained": 50,
  "hidden": [
    32,
    32
  ],
  "market": {
    "gbm": {
      "mu": 0.0,
      "s0": 100.0,
      "sigma": 0.2
    },
    "horizon": 0.25,
    "n_steps": 63,
    "strike": 100.0
  },
  "max_epochs": 50,
  "objective": {
    "alpha": 0.95,
    "kind": "mean_cvar",
    "lam": 1.0
  },
  "optimizer": {
    "batch_size": 8192,
    "lr": 0.003,
    "name": "adam",
    "schedule": "cosine",
    "train_dtype": "float32"
  },
  "patience": 8,
  "seed": 1,
  "smoke": false,
  "torch_version": "2.13.0+cpu",
  "train_curve": [
    7.724673051100511,
    6.445247393388015,
    4.097375374573928,
    2.0026952028274536,
    1.9123006142102754,
    1.804065961104173,
    1.7580719452637892,
    1.725536896632268,
    1.6945813252375677,
    1.6626385817160974,
    1.6290921889818633,
    1.587137249799875,
    1.5445236976330097,
    1.4954100572145903,
    1.4408759887401874,
    1.3932230839362512,
    1.355848688345689,
    1.3362430058992827,
    1.328324950658358,
    1.322220673927894,
    1.3181612583307118,
    1.3222688528207631,
    1.3147108554840088,
    1.3146919012069702,
    1.3108974420107329,
    1.3094929181612456,
    1.3125736254912157,
    1.3117310083829439,
    1.3126215934753418,
    1.3058315148720374,
    1.3069498722369854,
    1.3087264207693248,
    1.3078726621774526,
    1.3074733018875122,
    1.3040924897560706,
    1.3054521450629601,
    1.3055906020678008,
    1.3047017409251287,
    1.30229612497183,
    1.3076072472792406,
    1.3035556811552782,
    1.3005095903690045,
    1.304213780623216,
    1.3012607922920814,
    1.3071807531210093,
    1.3044117597433238,
    1.3026550641426673,
    1.3043484687805176,
    1.297045350074768,
    1.303787662432744
  ],
  "trained_on": {
    "TRAIN": {
      "n_paths": 100000,
      "sha256": "db20bf20d0b2cd9f284ed8563c53f300c956b781cdfbbfe2b1d0fc63d5275b1b"
    },
    "VAL": {
      "n_paths": 20000,
      "sha256": "c65c0567813875a0db56dfb6416ae82af0f901d53f5e6d83a61129fb8c538e47"
    }
  },
  "val_curve": [
    7.125412940979004,
    5.41118860244751,
    2.5238118171691895,
    1.8781481981277466,
    1.8292690515518188,
    1.7596570253372192,
    1.736312747001648,
    1.7024718523025513,
    1.672245740890503,
    1.6397249698638916,
    1.5994657278060913,
    1.5591769218444824,
    1.5075582265853882,
    1.4544867277145386,
    1.403226613998413,
    1.3628478050231934,
    1.3326808214187622,
    1.3224228620529175,
    1.3150615692138672,
    1.3137004375457764,
    1.3097724914550781,
    1.3072564601898193,
    1.3117624521255493,
    1.3038456439971924,
    1.306461215019226,
    1.3018202781677246,
    1.3050484657287598,
    1.303483486175537,
    1.3006107807159424,
    1.2990844249725342,
    1.2986717224121094,
    1.297611951828003,
    1.2967091798782349,
    1.2961455583572388,
    1.2956792116165161,
    1.2949879169464111,
    1.2950648069381714,
    1.2947845458984375,
    1.2940253019332886,
    1.2939872741699219,
    1.2940255403518677,
    1.2930796146392822,
    1.2929993867874146,
    1.293145775794983,
    1.292880654335022,
    1.2931323051452637,
    1.2925080060958862,
    1.2925808429718018,
    1.2924484014511108,
    1.2923766374588013
  ],
  "wall_seconds": 137.5
}
