{
  "best_epoch": 49,
  "best_val_objective": 2.199812173843384,
  "cost_bps": 20.0,
  "epochs_trained": 50,
  "hidden": [
    32,
    32
  ],
  "market": {
    "gbm": {
      "mu": 0.0,
      "s0": 100.0,
      "sigma": 0.2
    },
    "horizon": 0.25,
    "n_steps": 63,
    "strike": 100.0
  },
  "max_epochs": 50,
  "objective": {
    "alpha": 0.95,
    "kind": "mean_cvar",
    "lam": 1.0
  },
  "optimizer": {
    "batch_size": 8192,
    "lr": 0.003,
    "name": "adam",
    "schedule": "cosine",
    "train_dtype": "float32"
  },
  "patience": 8,
  "seed": 1,
  "smoke": false,
  "torch_version": "2.13.0+cpu",
  "train_curve": [
    8.061443365537203,
    6.901520288907564,
    4.752996518061711,
    2.942556307866023,
    2.91558025433467,
    2.7706858011392446,
    2.7208409309387207,
    2.6619998124929576,
    2.616165142792922,
    2.558574603154109,
    2.5022374116457424,
    2.4356965101682224,
    2.366991941745465,
    2.3141133968646708,
    2.2697018476632924,
    2.2491662685687723,
    2.2301976130558896,
    2.2298512275402365,
    2.2275979335491476,
    2.2236895744617167,
    2.2221500873565674,
    2.226211566191453,
    2.21928963294396,
    2.221541551443247,
    2.2167758574852576,
    2.2152921786675086,
    2.2190160201146054,
    2.215495623075045,
    2.2184337836045485,
    2.2104103015019345,
    2.2121831453763523,
    2.2148443185366116,
    2.2139185942136326,
    2.2133665818434496,
    2.210973152747521,
    2.2112663159003625,
    2.2115714916816125,
    2.2112561556009145,
    2.2075905799865723,
    2.2146041760077844,
    2.2096039882073035,
    2.2057466323559103,
    2.2101426124572754,
    2.2066498352931094,
    2.2130171885857215,
    2.209717952288114,
    2.208412225429828,
    2.2085880866417518,
    2.20333979679988,
    2.2093193164238563
  ],
  "trained_on": {
    "TRAIN": {
      "n_paths": 100000,
      "sha256": "db20bf20d0b2cd9f284ed8563c53f300c956b781cdfbbfe2b1d0fc63d5275b1b"
    },
    "VAL": {
      "n_paths": 20000,
      "sha256": "c65c0567813875a0db56dfb6416ae82af0f901d53f5e6d83a61129fb8c538e47"
    }
  },
  "val_curve": [
    7.518229961395264,
    5.965351104736328,
    3.3239622116088867,
    2.9084699153900146,
    2.809011697769165,
    2.732469081878662,
    2.6778452396392822,
    2.625122308731079,
    2.578223943710327,
    2.5161941051483154,
    2.45247483253479,
    2.3828628063201904,
    2.3327460289001465,
    2.2743828296661377,
    2.2424073219299316,
    2.227264404296875,
    2.221572160720825,
    2.221111536026001,
    2.215822219848633,
    2.2141523361206055,
    2.2153327465057373,
    2.2122697830200195,
    2.2228333950042725,
    2.2113406658172607,
    2.210700511932373,
    2.2100086212158203,
    2.2102532386779785,
    2.2106292247772217,
    2.206298351287842,
    2.2055294513702393,
    2.2047975063323975,
    2.2042789459228516,
    2.2034599781036377,
    2.203296184539795,
    2.202958822250366,
    2.202164649963379,
    2.202256917953491,
    2.2023203372955322,
    2.200833797454834,
    2.201040744781494,
    2.2014546394348145,
    2.200516939163208,
    2.200113534927368,
    2.2006468772888184,
    2.2005527019500732,
    2.200641632080078,
    2.200054883956909,
    2.2000412940979004,
    2.199871301651001,
    2.199812173843384
  ],
  "wall_seconds": 116.6
}
