{
  "best_epoch": 118,
  "best_val_objective": 3.6466457843780518,
  "cost_bps": 50.0,
  "epochs_trained": 120,
  "hidden": [
    32,
    32
  ],
  "market": {
    "gbm": {
      "mu": 0.0,
      "s0": 100.0,
      "sigma": 0.2
    },
    "horizon": 0.25,
    "n_steps": 63,
    "strike": 100.0
  },
  "max_epochs": 120,
  "objective": {
    "alpha": 0.95,
    "kind": "mean_cvar",
    "lam": 1.0
  },
  "optimizer": {
    "batch_size": 8192,
    "lr": 0.003,
    "name": "adam",
    "schedule": "cosine",
    "train_dtype": "float32"
  },
  "patience": 12,
  "seed": 4,
  "smoke": false,
  "torch_version": "2.13.0+cpu",
  "train_curve": [
    8.821339974036583,
    8.236550404475285,
    7.222848745492788,
    5.398757054255559,
    4.870858449202317,
    4.631937540494478,
    4.4903651384206915,
    4.335713753333459,
    4.183404922485352,
    4.020372133988601,
    3.8990730138925405,
    3.8424539382641134,
    3.8289825916290283,
    3.824176604931171,
    3.8211948504814734,
    3.823055707491361,
    3.820818222486056,
    3.816595829450167,
    3.8172079783219557,
    3.809846126116239,
    3.807200706922091,
    3.805627364378709,
    3.804672883107112,
    3.7974814818455624,
    3.805326975308932,
    3.796942949295044,
    3.7967324623694787,
    3.7911497262807994,
    3.788443785447341,
    3.785073023576003,
    3.78729301232558,
    3.7860656885000377,
    3.7806762548593373,
    3.7735160130720873,
    3.772091663800753,
    3.7832146057715783,
    3.7784597140092115,
    3.768804385111882,
    3.759948547069843,
    3.7573572122133694,
    3.7590977412003737,
    3.753877346332257,
    3.755428332548875,
    3.748144131440383,
    3.7480490391071024,
    3.746269336113563,
    3.7434315498058615,
    3.7365185847649207,
    3.7353473076453576,
    3.733088658406184,
    3.7323927145737867,
    3.7314171974475565,
    3.730897096487192,
    3.7317548531752367,
    3.7247803027813253,
    3.721310102022611,
    3.718230467576247,
    3.7190448137430043,
    3.7121466123140774,
    3.7089659434098463,
    3.714993641926692,
    3.7109596179081845,
    3.704122396615835,
    3.6987286531008206,
    3.708081080363347,
    3.6995521508730373,
    3.698250202032236,
    3.6938382662259617,
    3.697783818611732,
    3.689786672592163,
    3.6928060238177958,
    3.692576004908635,
    3.685434029652522,
    3.6910183246319113,
    3.680963681294368,
    3.68738709963285,
    3.681969330861018,
    3.6864787065065823,
    3.6830290280855618,
    3.6794107143695536,
    3.67549859560453,
    3.675206184387207,
    3.673700589400071,
    3.673644707753108,
    3.6783656707176795,
    3.674837644283588,
    3.6669147381415734,
    3.6712210728571963,
    3.6750944394331713,
    3.6674493092757006,
    3.6709926311786356,
    3.6678015818962684,
    3.662655390225924,
    3.661048779120812,
    3.662881997915415,
    3.664565086364746,
    3.6724728620969334,
    3.6618724786318264,
    3.6602182388305664,
    3.656520880185641,
    3.658434409361619,
    3.6623724974118748,
    3.6657268817608175,
    3.658329963684082,
    3.663239625784067,
    3.6537762605226956,
    3.66154093008775,
    3.6623008251190186,
    3.6636812136723447,
    3.6591841991131124,
    3.6580850711235633,
    3.6566323317014255,
    3.659997793344351,
    3.661295377291166,
    3.662002820235032,
    3.6580505004295936,
    3.6591545251699595,
    3.660025119781494,
    3.6605847615462084,
    3.656472848011897
  ],
  "trained_on": {
    "TRAIN": {
      "n_paths": 100000,
      "sha256": "db20bf20d0b2cd9f284ed8563c53f300c956b781cdfbbfe2b1d0fc63d5275b1b"
    },
    "VAL": {
      "n_paths": 20000,
      "sha256": "c65c0567813875a0db56dfb6416ae82af0f901d53f5e6d83a61129fb8c538e47"
    }
  },
  "val_curve": [
    8.497782707214355,
    7.8374104499816895,
    6.280631065368652,
    4.87737512588501,
    4.72804594039917,
    4.5494914054870605,
    4.393922328948975,
    4.24324893951416,
    4.080669403076172,
    3.9284114837646484,
    3.8402175903320312,
    3.818352222442627,
    3.818523406982422,
    3.8117666244506836,
    3.8169620037078857,
    3.817190170288086,
    3.808867931365967,
    3.8072474002838135,
    3.8034236431121826,
    3.800769805908203,
    3.7953310012817383,
    3.7993669509887695,
    3.792531967163086,
    3.788723945617676,
    3.800590991973877,
    3.785905361175537,
    3.7849159240722656,
    3.780940532684326,
    3.779104232788086,
    3.78908371925354,
    3.7888917922973633,
    3.774550437927246,
    3.7722365856170654,
    3.7666125297546387,
    3.7760848999023438,
    3.762235164642334,
    3.7583577632904053,
    3.757230281829834,
    3.7532520294189453,
    3.751586437225342,
    3.752019166946411,
    3.7456231117248535,
    3.7427926063537598,
    3.7437915802001953,
    3.7501301765441895,
    3.7363085746765137,
    3.734407424926758,
    3.7317609786987305,
    3.7386960983276367,
    3.7342143058776855,
    3.7206006050109863,
    3.7274444103240967,
    3.7258665561676025,
    3.7158045768737793,
    3.714254856109619,
    3.7108170986175537,
    3.7059433460235596,
    3.7053306102752686,
    3.709660053253174,
    3.7019598484039307,
    3.6999683380126953,
    3.698387861251831,
    3.6943459510803223,
    3.699676513671875,
    3.692025661468506,
    3.691479206085205,
    3.6910696029663086,
    3.687086820602417,
    3.6867847442626953,
    3.685096502304077,
    3.684000015258789,
    3.679708480834961,
    3.676027297973633,
    3.675631046295166,
    3.675891637802124,
    3.6759684085845947,
    3.6789770126342773,
    3.6809606552124023,
    3.6727516651153564,
    3.673955202102661,
    3.6698997020721436,
    3.6655266284942627,
    3.664278984069824,
    3.667250633239746,
    3.6652486324310303,
    3.6638917922973633,
    3.660738945007324,
    3.659379482269287,
    3.6601197719573975,
    3.6576247215270996,
    3.6614086627960205,
    3.658982515335083,
    3.655625343322754,
    3.657297372817993,
    3.6543123722076416,
    3.6540868282318115,
    3.653428316116333,
    3.6524641513824463,
    3.6521389484405518,
    3.6519694328308105,
    3.6513009071350098,
    3.651437759399414,
    3.6508703231811523,
    3.6508116722106934,
    3.6496434211730957,
    3.6495609283447266,
    3.6496505737304688,
    3.6492433547973633,
    3.6488258838653564,
    3.648245334625244,
    3.6497859954833984,
    3.648189067840576,
    3.647825241088867,
    3.6476340293884277,
    3.6478309631347656,
    3.6469826698303223,
    3.64701509475708,
    3.646894693374634,
    3.6466457843780518,
    3.646855592727661
  ],
  "wall_seconds": 273.3
}
