{
  "best_epoch": 46,
  "best_val_objective": 3.780806303024292,
  "cost_bps": 50.0,
  "epochs_trained": 50,
  "hidden": [
    32,
    32
  ],
  "market": {
    "gbm": {
      "mu": 0.0,
      "s0": 100.0,
      "sigma": 0.2
    },
    "horizon": 0.25,
    "n_steps": 63,
    "strike": 100.0
  },
  "max_epochs": 50,
  "objective": {
    "alpha": 0.95,
    "kind": "mean_cvar",
    "lam": 1.0
  },
  "optimizer": {
    "batch_size": 8192,
    "lr": 0.003,
    "name": "adam",
    "schedule": "cosine",
    "train_dtype": "float32"
  },
  "patience": 8,
  "seed": 2,
  "smoke": false,
  "torch_version": "2.13.0+cpu",
  "train_curve": [
    8.598780705378605,
    7.917396178612342,
    6.498360230372502,
    4.850758956028865,
    4.681166905623216,
    4.482553445375883,
    4.382093723003681,
    4.285463993365948,
    4.188395426823543,
    4.086737045874963,
    3.9842364971454325,
    3.9146412152510424,
    3.8584384551415076,
    3.8347321106837344,
    3.8397145087902365,
    3.8257731107565074,
    3.8195392535283017,
    3.817728647818932,
    3.8190330542050877,
    3.8199260234832764,
    3.8167077761430006,
    3.8075818648705115,
    3.807896247276893,
    3.8063181913816013,
    3.806177964577308,
    3.8022815264188328,
    3.8034118872422438,
    3.80110372029818,
    3.8001862122462344,
    3.7989033185518704,
    3.798967031332163,
    3.793507796067458,
    3.795051776445829,
    3.789182919722337,
    3.793087207354032,
    3.793674945831299,
    3.795308388196505,
    3.789714684853187,
    3.7944246438833384,
    3.7975550248072696,
    3.7921570264376125,
    3.7895009334270773,
    3.7895220059614916,
    3.788542619118324,
    3.7891211876502404,
    3.786572731458224,
    3.7868413008176365,
    3.7878957711733303,
    3.790925924594586,
    3.7852603105398326
  ],
  "trained_on": {
    "TRAIN": {
      "n_paths": 100000,
      "sha256": "db20bf20d0b2cd9f284ed8563c53f300c956b781cdfbbfe2b1d0fc63d5275b1b"
    },
    "VAL": {
      "n_paths": 20000,
      "sha256": "c65c0567813875a0db56dfb6416ae82af0f901d53f5e6d83a61129fb8c538e47"
    }
  },
  "val_curve": [
    8.297861099243164,
    7.346189022064209,
    5.357593536376953,
    4.726058006286621,
    4.528081893920898,
    4.4431843757629395,
    4.310765743255615,
    4.216447830200195,
    4.116350173950195,
    4.016864776611328,
    3.927067518234253,
    3.8657822608947754,
    3.8321428298950195,
    3.8337321281433105,
    3.813880443572998,
    3.8123912811279297,
    3.8093364238739014,
    3.8048806190490723,
    3.808051109313965,
    3.804586410522461,
    3.8032007217407227,
    3.799821376800537,
    3.7974395751953125,
    3.7990760803222656,
    3.7940051555633545,
    3.8060781955718994,
    3.796647071838379,
    3.7909297943115234,
    3.790555715560913,
    3.789679765701294,
    3.7909505367279053,
    3.787017583847046,
    3.786436080932617,
    3.785773515701294,
    3.785214900970459,
    3.7850406169891357,
    3.784292697906494,
    3.7831850051879883,
    3.7835285663604736,
    3.783235549926758,
    3.782273292541504,
    3.782454013824463,
    3.7816925048828125,
    3.781503677368164,
    3.7812719345092773,
    3.7809739112854004,
    3.780806303024292,
    3.780829906463623,
    3.780827283859253,
    3.781026840209961
  ],
  "wall_seconds": 116.7
}
