{
  "best_epoch": 119,
  "best_val_objective": 1.205200433731079,
  "cost_bps": 5.0,
  "epochs_trained": 120,
  "hidden": [
    32,
    32
  ],
  "market": {
    "gbm": {
      "mu": 0.0,
      "s0": 100.0,
      "sigma": 0.2
    },
    "horizon": 0.25,
    "n_steps": 63,
    "strike": 100.0
  },
  "max_epochs": 120,
  "objective": {
    "alpha": 0.95,
    "kind": "mean_cvar",
    "lam": 1.0
  },
  "optimizer": {
    "batch_size": 8192,
    "lr": 0.003,
    "name": "adam",
    "schedule": "cosine",
    "train_dtype": "float32"
  },
  "patience": 12,
  "seed": 3,
  "smoke": false,
  "torch_version": "2.13.0+cpu",
  "train_curve": [
    7.274877804976243,
    5.718552772815411,
    2.978752246269813,
    1.8675030378194957,
    1.8151782017487745,
    1.7064669315631573,
    1.6543315740732045,
    1.6009987042500422,
    1.5439508052972646,
    1.48711201777825,
    1.4296857943901649,
    1.3856095625804021,
    1.345756402382484,
    1.3287300513340876,
    1.3181331616181593,
    1.3161483361170843,
    1.3165929134075458,
    1.3115691955272968,
    1.3055772873071523,
    1.3049442859796376,
    1.3101374002603383,
    1.3074587675241323,
    1.3054743913503795,
    1.2975429754990797,
    1.3016867362535918,
    1.2947346705656786,
    1.3037478923797607,
    1.3006939521202674,
    1.306846444423382,
    1.2979671771709735,
    1.2976225797946637,
    1.2956371032274687,
    1.2879873789273775,
    1.2928342544115508,
    1.290717968573937,
    1.287700368807866,
    1.291345972281236,
    1.286141771536607,
    1.2862733052327082,
    1.282899865737328,
    1.281043557020334,
    1.2843798674069917,
    1.2792891539060152,
    1.274310093659621,
    1.282452051456158,
    1.273638395162729,
    1.2731680044761071,
    1.2709543063090398,
    1.2710623099253728,
    1.2762865378306463,
    1.2678355620457575,
    1.2660126319298377,
    1.2610395963375385,
    1.2627969980239868,
    1.2596033719869761,
    1.2601460768626287,
    1.2569780441430898,
    1.2495798606138964,
    1.2545967010351329,
    1.2530006445371187,
    1.2525193416155302,
    1.2476699902461126,
    1.2475291673953717,
    1.2430340968645537,
    1.2460591242863581,
    1.2424043233578022,
    1.2411278669650738,
    1.2398019478871272,
    1.238532772431007,
    1.2363254198661218,
    1.2351175730045025,
    1.2368453099177434,
    1.231728902229896,
    1.2296683696600108,
    1.2334789404502282,
    1.2389074288881743,
    1.2287698342249944,
    1.2290829236690815,
    1.2309366464614868,
    1.2316667850200946,
    1.2283156101520245,
    1.2255869553639338,
    1.2282463954045222,
    1.2248900486872747,
    1.2224982518416185,
    1.2271534571280847,
    1.225993825839116,
    1.2228130468955407,
    1.222216092623197,
    1.2219198850484996,
    1.2193848169766939,
    1.2227436579190767,
    1.218561759361854,
    1.2209433683982263,
    1.221269075687115,
    1.221152168053847,
    1.2212970348504872,
    1.2175182379209077,
    1.2236113089781542,
    1.2219746021124034,
    1.2193037913395808,
    1.218304890852708,
    1.216792601805467,
    1.2200543513664832,
    1.22008176950308,
    1.2194500794777503,
    1.2189735540976891,
    1.2213911551695604,
    1.215526663340055,
    1.2168447421147273,
    1.218560319680434,
    1.2201853073560274,
    1.2204730969208937,
    1.221117689059331,
    1.219236997457651,
    1.2210992666391225,
    1.2195219810192401,
    1.2159903141168447,
    1.2168682630245502,
    1.2130629557829637
  ],
  "trained_on": {
    "TRAIN": {
      "n_paths": 100000,
      "sha256": "db20bf20d0b2cd9f284ed8563c53f300c956b781cdfbbfe2b1d0fc63d5275b1b"
    },
    "VAL": {
      "n_paths": 20000,
      "sha256": "c65c0567813875a0db56dfb6416ae82af0f901d53f5e6d83a61129fb8c538e47"
    }
  },
  "val_curve": [
    6.668776988983154,
    4.377876281738281,
    1.8413164615631104,
    1.8742258548736572,
    1.7115411758422852,
    1.6808699369430542,
    1.6170307397842407,
    1.5599831342697144,
    1.5044276714324951,
    1.4388264417648315,
    1.3880683183670044,
    1.3486781120300293,
    1.3199368715286255,
    1.3071248531341553,
    1.30625581741333,
    1.3058772087097168,
    1.3077936172485352,
    1.3000860214233398,
    1.296657681465149,
    1.293596625328064,
    1.2932076454162598,
    1.2930595874786377,
    1.2896478176116943,
    1.2903226613998413,
    1.2879582643508911,
    1.2867038249969482,
    1.2924463748931885,
    1.2900220155715942,
    1.2904390096664429,
    1.293858528137207,
    1.284401297569275,
    1.2833125591278076,
    1.2801809310913086,
    1.2795531749725342,
    1.2783385515213013,
    1.2784544229507446,
    1.28542959690094,
    1.2900645732879639,
    1.2754238843917847,
    1.2719371318817139,
    1.2702078819274902,
    1.2687793970108032,
    1.2676111459732056,
    1.2667125463485718,
    1.2705433368682861,
    1.2630771398544312,
    1.2639888525009155,
    1.264358401298523,
    1.2605575323104858,
    1.2556298971176147,
    1.2540868520736694,
    1.2538065910339355,
    1.2525973320007324,
    1.2511687278747559,
    1.2474437952041626,
    1.2474637031555176,
    1.2440917491912842,
    1.243678331375122,
    1.2436292171478271,
    1.2396931648254395,
    1.2372727394104004,
    1.2370476722717285,
    1.2351834774017334,
    1.2335212230682373,
    1.2396063804626465,
    1.2302193641662598,
    1.2295753955841064,
    1.2268075942993164,
    1.226440668106079,
    1.2248841524124146,
    1.2237002849578857,
    1.2221673727035522,
    1.2230838537216187,
    1.2220007181167603,
    1.2192224264144897,
    1.2177318334579468,
    1.2179009914398193,
    1.2179516553878784,
    1.2163861989974976,
    1.2150477170944214,
    1.2146837711334229,
    1.2154662609100342,
    1.2131227254867554,
    1.2130662202835083,
    1.212504267692566,
    1.2116460800170898,
    1.2121342420578003,
    1.2109742164611816,
    1.2109946012496948,
    1.2109352350234985,
    1.2134474515914917,
    1.2099332809448242,
    1.208876132965088,
    1.2090007066726685,
    1.2087056636810303,
    1.208116888999939,
    1.2081568241119385,
    1.2084705829620361,
    1.2074640989303589,
    1.2075929641723633,
    1.2073862552642822,
    1.2071263790130615,
    1.2067394256591797,
    1.2065818309783936,
    1.2063546180725098,
    1.2062774896621704,
    1.2062604427337646,
    1.2068965435028076,
    1.2061924934387207,
    1.2058359384536743,
    1.205796480178833,
    1.2058206796646118,
    1.2057818174362183,
    1.205692172050476,
    1.2056092023849487,
    1.205466628074646,
    1.20551335811615,
    1.2055670022964478,
    1.2054293155670166,
    1.205200433731079
  ],
  "wall_seconds": 266.6
}
