{
  "best_epoch": 47,
  "best_val_objective": 2.1919519901275635,
  "cost_bps": 20.0,
  "epochs_trained": 50,
  "hidden": [
    32,
    32
  ],
  "market": {
    "gbm": {
      "mu": 0.0,
      "s0": 100.0,
      "sigma": 0.2
    },
    "horizon": 0.25,
    "n_steps": 63,
    "strike": 100.0
  },
  "max_epochs": 50,
  "objective": {
    "alpha": 0.95,
    "kind": "mean_cvar",
    "lam": 1.0
  },
  "optimizer": {
    "batch_size": 8192,
    "lr": 0.003,
    "name": "adam",
    "schedule": "cosine",
    "train_dtype": "float32"
  },
  "patience": 8,
  "seed": 2,
  "smoke": false,
  "torch_version": "2.13.0+cpu",
  "train_curve": [
    7.872095841627854,
    6.959429704225981,
    5.130017830775334,
    3.120273259969858,
    2.928660851258498,
    2.8069706696730394,
    2.746007955991305,
    2.6918516159057617,
    2.6390140606806827,
    2.571086736825796,
    2.491903231694148,
    2.4237250914940467,
    2.3408417518322286,
    2.283102970856887,
    2.256809326318594,
    2.2379837402930627,
    2.2309190309964695,
    2.226664286393386,
    2.228744910313533,
    2.2261718970078688,
    2.2237671521993785,
    2.2132934973790097,
    2.213618663641123,
    2.2131340503692627,
    2.214436072569627,
    2.2102591808025656,
    2.2116924616006703,
    2.20837455529433,
    2.2083919598506045,
    2.2085330486297607,
    2.2089181496546817,
    2.203043424166166,
    2.2046974255488467,
    2.2001033562880297,
    2.202408790588379,
    2.2048121965848484,
    2.2064010363358717,
    2.201518278855544,
    2.205687797986544,
    2.209203866811899,
    2.2020721985743594,
    2.201467275619507,
    2.2013238943540134,
    2.200670994245089,
    2.2011734338907094,
    2.196565114534818,
    2.1990968997661886,
    2.199282040962806,
    2.2017874901111307,
    2.197480935316819
  ],
  "trained_on": {
    "TRAIN": {
      "n_paths": 100000,
      "sha256": "db20bf20d0b2cd9f284ed8563c53f300c956b781cdfbbfe2b1d0fc63d5275b1b"
    },
    "VAL": {
      "n_paths": 20000,
      "sha256": "c65c0567813875a0db56dfb6416ae82af0f901d53f5e6d83a61129fb8c538e47"
    }
  },
  "val_curve": [
    7.469451904296875,
    6.192415237426758,
    3.7467238903045654,
    2.9065146446228027,
    2.8472201824188232,
    2.769338369369507,
    2.7118303775787354,
    2.6465606689453125,
    2.585935115814209,
    2.517916202545166,
    2.440497875213623,
    2.368813991546631,
    2.293675422668457,
    2.2599306106567383,
    2.229116439819336,
    2.220829963684082,
    2.2175917625427246,
    2.2143101692199707,
    2.2128076553344727,
    2.2102043628692627,
    2.207692861557007,
    2.2076754570007324,
    2.2070441246032715,
    2.2053468227386475,
    2.2026681900024414,
    2.210857391357422,
    2.2041983604431152,
    2.2003865242004395,
    2.1999480724334717,
    2.1999309062957764,
    2.1987855434417725,
    2.1980643272399902,
    2.196606397628784,
    2.1962239742279053,
    2.1952879428863525,
    2.1955995559692383,
    2.1951379776000977,
    2.1942193508148193,
    2.19423770904541,
    2.193972110748291,
    2.1931111812591553,
    2.193183183670044,
    2.1929051876068115,
    2.1928791999816895,
    2.1924867630004883,
    2.192211389541626,
    2.192070245742798,
    2.1919519901275635,
    2.191972255706787,
    2.1920952796936035
  ],
  "wall_seconds": 116.4
}
