{
  "best_epoch": 115,
  "best_val_objective": 2.1149075031280518,
  "cost_bps": 20.0,
  "epochs_trained": 120,
  "hidden": [
    32,
    32
  ],
  "market": {
    "gbm": {
      "mu": 0.0,
      "s0": 100.0,
      "sigma": 0.2
    },
    "horizon": 0.25,
    "n_steps": 63,
    "strike": 100.0
  },
  "max_epochs": 120,
  "objective": {
    "alpha": 0.95,
    "kind": "mean_cvar",
    "lam": 1.0
  },
  "optimizer": {
    "batch_size": 8192,
    "lr": 0.003,
    "name": "adam",
    "schedule": "cosine",
    "train_dtype": "float32"
  },
  "patience": 12,
  "seed": 2,
  "smoke": false,
  "torch_version": "2.13.0+cpu",
  "train_curve": [
    7.872095841627854,
    6.958964494558481,
    5.124914040932288,
    3.116510171156663,
    2.929795870414147,
    2.8057618691371036,
    2.744886820132916,
    2.688592580648569,
    2.6333115834456224,
    2.56114413188054,
    2.4761207287128153,
    2.4004338521223803,
    2.3153251684629,
    2.262836272899921,
    2.246399402618408,
    2.2329706778893104,
    2.2284581111027646,
    2.223680624595055,
    2.229376426109901,
    2.221352082032424,
    2.2199568931873026,
    2.2103305596571703,
    2.20952793268057,
    2.2086923122406006,
    2.2096774027897763,
    2.205202872936542,
    2.2074689314915585,
    2.201623164690458,
    2.203408259611863,
    2.2023244087512674,
    2.200704629604633,
    2.1932840163891134,
    2.19456619482774,
    2.1937021842369666,
    2.190457820892334,
    2.191051189716046,
    2.190142191373385,
    2.1859594675210805,
    2.190678046299861,
    2.1922534795907826,
    2.183149759586041,
    2.179701254918025,
    2.177935618620652,
    2.176959808056171,
    2.1743551034193773,
    2.168072920579177,
    2.1701309314140906,
    2.1675028067368727,
    2.1703045001396766,
    2.1653670897850623,
    2.164966399853046,
    2.1605262756347656,
    2.1581243001497707,
    2.158344653936533,
    2.163166743058425,
    2.1540619960198035,
    2.1539135529444766,
    2.151850021802462,
    2.1531582795656643,
    2.1499455708723803,
    2.147915766789363,
    2.1537469900571384,
    2.1453918310312123,
    2.147920003304115,
    2.1455480502201962,
    2.144279901797955,
    2.1429153038905215,
    2.1463153178875265,
    2.1406648525824914,
    2.1415170706235447,
    2.1356293054727407,
    2.141785878401536,
    2.13784802876986,
    2.1348430193387546,
    2.13452882033128,
    2.1391076491429257,
    2.1323720858647275,
    2.135143445088313,
    2.132728796738845,
    2.138859803860004,
    2.1289837543780985,
    2.131191840538612,
    2.132805585861206,
    2.1313423193418064,
    2.13236194390517,
    2.13167483990009,
    2.131966682580801,
    2.133645020998441,
    2.135561466217041,
    2.1268429572765646,
    2.1264278338505673,
    2.12866264123183,
    2.125611965472882,
    2.1272960626162014,
    2.127710379087008,
    2.123745111318735,
    2.127927431693444,
    2.1252931448129506,
    2.1285201769608717,
    2.1274825426248403,
    2.1266169731433573,
    2.1258929876180797,
    2.1275913531963644,
    2.128456794298612,
    2.1290427171266995,
    2.123494129914504,
    2.128502533986018,
    2.127925597704374,
    2.1289504307966967,
    2.125072882725642,
    2.1259121161240797,
    2.126460863993718,
    2.129874266110934,
    2.127891650566688,
    2.121479731339675,
    2.1264355916243334,
    2.12263875741225,
    2.1239001017350416,
    2.1283396574167104,
    2.126664528479943
  ],
  "trained_on": {
    "TRAIN": {
      "n_paths": 100000,
      "sha256": "db20bf20d0b2cd9f284ed8563c53f300c956b781cdfbbfe2b1d0fc63d5275b1b"
    },
    "VAL": {
      "n_paths": 20000,
      "sha256": "c65c0567813875a0db56dfb6416ae82af0f901d53f5e6d83a61129fb8c538e47"
    }
  },
  "val_curve": [
    7.469451904296875,
    6.191096782684326,
    3.7382400035858154,
    2.908982276916504,
    2.846846580505371,
    2.7703564167022705,
    2.7092127799987793,
    2.642298698425293,
    2.57818603515625,
    2.504976749420166,
    2.4197020530700684,
    2.347311496734619,
    2.273473024368286,
    2.246696949005127,
    2.2227585315704346,
    2.216801643371582,
    2.2138190269470215,
    2.215240716934204,
    2.21010160446167,
    2.208921432495117,
    2.205812692642212,
    2.204742193222046,
    2.2026710510253906,
    2.2086281776428223,
    2.197545289993286,
    2.2242536544799805,
    2.199308156967163,
    2.195187568664551,
    2.1962881088256836,
    2.1908719539642334,
    2.1905832290649414,
    2.1857168674468994,
    2.1888136863708496,
    2.1845486164093018,
    2.1802995204925537,
    2.1810097694396973,
    2.182293653488159,
    2.178251028060913,
    2.1751632690429688,
    2.1801538467407227,
    2.1753649711608887,
    2.16827392578125,
    2.1684887409210205,
    2.1661601066589355,
    2.1632161140441895,
    2.163357734680176,
    2.1604225635528564,
    2.160188674926758,
    2.161747455596924,
    2.1593265533447266,
    2.1543266773223877,
    2.156911849975586,
    2.1508636474609375,
    2.1482582092285156,
    2.1483078002929688,
    2.144167900085449,
    2.143385887145996,
    2.140974521636963,
    2.141026735305786,
    2.1406478881835938,
    2.1377766132354736,
    2.135714054107666,
    2.1408114433288574,
    2.1347644329071045,
    2.133502244949341,
    2.131643533706665,
    2.130906105041504,
    2.1300015449523926,
    2.134446620941162,
    2.130204677581787,
    2.126923084259033,
    2.126448154449463,
    2.1263675689697266,
    2.126452922821045,
    2.126636266708374,
    2.1238503456115723,
    2.123136043548584,
    2.124305248260498,
    2.1226418018341064,
    2.1275298595428467,
    2.121995687484741,
    2.1223697662353516,
    2.121662139892578,
    2.1256144046783447,
    2.121920347213745,
    2.1193251609802246,
    2.12078857421875,
    2.1193113327026367,
    2.119229793548584,
    2.1180477142333984,
    2.117908477783203,
    2.1180930137634277,
    2.1175780296325684,
    2.1174302101135254,
    2.1179721355438232,
    2.1186699867248535,
    2.1167874336242676,
    2.1175248622894287,
    2.1172187328338623,
    2.1165452003479004,
    2.116656541824341,
    2.1173434257507324,
    2.116211414337158,
    2.116084337234497,
    2.11622953414917,
    2.1161696910858154,
    2.1154773235321045,
    2.115927219390869,
    2.116271734237671,
    2.1160144805908203,
    2.115288257598877,
    2.1155507564544678,
    2.1154346466064453,
    2.1153717041015625,
    2.11544132232666,
    2.1149075031280518,
    2.115013599395752,
    2.1151740550994873,
    2.1150853633880615,
    2.1150753498077393
  ],
  "wall_seconds": 294.2
}
