{
  "best_epoch": 49,
  "best_val_objective": 1.2824829816818237,
  "cost_bps": 5.0,
  "epochs_trained": 50,
  "hidden": [
    32,
    32
  ],
  "market": {
    "gbm": {
      "mu": 0.0,
      "s0": 100.0,
      "sigma": 0.2
    },
    "horizon": 0.25,
    "n_steps": 63,
    "strike": 100.0
  },
  "max_epochs": 50,
  "objective": {
    "alpha": 0.95,
    "kind": "mean_cvar",
    "lam": 1.0
  },
  "optimizer": {
    "batch_size": 8192,
    "lr": 0.003,
    "name": "adam",
    "schedule": "cosine",
    "train_dtype": "float32"
  },
  "patience": 8,
  "seed": 3,
  "smoke": false,
  "torch_version": "2.13.0+cpu",
  "train_curve": [
    7.274877804976243,
    5.719433197608361,
    2.9837329937861514,
    1.866094286625202,
    1.816275110611549,
    1.7081320102398212,
    1.6580787255213811,
    1.6080936743662908,
    1.5536630887251635,
    1.4977592596640954,
    1.4437422935779278,
    1.3972450953263502,
    1.3561681875815759,
    1.333733742053692,
    1.321290162893442,
    1.3161470064750085,
    1.3174899541414702,
    1.3107049831977258,
    1.3057469771458552,
    1.3058055547567515,
    1.3117371797561646,
    1.3088509486271784,
    1.3064061678372896,
    1.2992966725276067,
    1.3032733752177312,
    1.3001654698298528,
    1.3071973415521474,
    1.3019092082977295,
    1.3028602875196016,
    1.2987407537607045,
    1.2959900360841017,
    1.2975449653772206,
    1.2930656854922955,
    1.3001173184468195,
    1.297978006876432,
    1.296188895518963,
    1.3005624000842755,
    1.2930323344010572,
    1.293272119302016,
    1.2947389712700477,
    1.2937503319520216,
    1.2968923953863292,
    1.2938022796924298,
    1.2913230749276967,
    1.299872902723459,
    1.2921559260441706,
    1.2953789967757006,
    1.2924912250958955,
    1.2913232950063853,
    1.2985916779591486
  ],
  "trained_on": {
    "TRAIN": {
      "n_paths": 100000,
      "sha256": "db20bf20d0b2cd9f284ed8563c53f300c956b781cdfbbfe2b1d0fc63d5275b1b"
    },
    "VAL": {
      "n_paths": 20000,
      "sha256": "c65c0567813875a0db56dfb6416ae82af0f901d53f5e6d83a61129fb8c538e47"
    }
  },
  "val_curve": [
    6.668776988983154,
    4.380174160003662,
    1.8431223630905151,
    1.873445987701416,
    1.7115646600723267,
    1.683178186416626,
    1.6228102445602417,
    1.5720603466033936,
    1.5117921829223633,
    1.4527010917663574,
    1.4013657569885254,
    1.359377384185791,
    1.3300259113311768,
    1.3125213384628296,
    1.3064368963241577,
    1.3043713569641113,
    1.3058794736862183,
    1.2984260320663452,
    1.2961550951004028,
    1.2954635620117188,
    1.2966879606246948,
    1.2933108806610107,
    1.2928192615509033,
    1.2913960218429565,
    1.293034553527832,
    1.2944717407226562,
    1.2927324771881104,
    1.288575530052185,
    1.2894577980041504,
    1.2887853384017944,
    1.2873997688293457,
    1.287306785583496,
    1.2863454818725586,
    1.2851176261901855,
    1.2859063148498535,
    1.2847321033477783,
    1.2861735820770264,
    1.287048578262329,
    1.284397006034851,
    1.2838571071624756,
    1.283911943435669,
    1.2834123373031616,
    1.2832248210906982,
    1.283365249633789,
    1.2829585075378418,
    1.2828162908554077,
    1.2827129364013672,
    1.2827733755111694,
    1.2825725078582764,
    1.2824829816818237
  ],
  "wall_seconds": 161.9
}
