{
  "best_epoch": 119,
  "best_val_objective": 3.685202121734619,
  "cost_bps": 50.0,
  "epochs_trained": 120,
  "hidden": [
    32,
    32
  ],
  "market": {
    "gbm": {
      "mu": 0.0,
      "s0": 100.0,
      "sigma": 0.2
    },
    "horizon": 0.25,
    "n_steps": 63,
    "strike": 100.0
  },
  "max_epochs": 120,
  "objective": {
    "alpha": 0.95,
    "kind": "mean_cvar",
    "lam": 1.0
  },
  "optimizer": {
    "batch_size": 8192,
    "lr": 0.003,
    "name": "adam",
    "schedule": "cosine",
    "train_dtype": "float32"
  },
  "patience": 12,
  "seed": 3,
  "smoke": false,
  "torch_version": "2.13.0+cpu",
  "train_curve": [
    8.40272540312547,
    7.253553757300744,
    5.190433979034424,
    4.6196640088008,
    4.391512027153602,
    4.250231155982385,
    4.128521112295298,
    4.019842129487258,
    3.935948610305786,
    3.875418919783372,
    3.835181162907527,
    3.8321013817420373,
    3.8282693716195912,
    3.8257083159226637,
    3.8202764437748837,
    3.812670891101544,
    3.823132349894597,
    3.8082007261422963,
    3.809907784828773,
    3.80658771441533,
    3.816527586716872,
    3.813321883861835,
    3.8048956027397742,
    3.8009378726665792,
    3.8031880305363583,
    3.7933618288773756,
    3.8018889610583964,
    3.7948079659388614,
    3.800797700881958,
    3.795222282409668,
    3.7940007539895864,
    3.7869626191946177,
    3.7843281489152174,
    3.792941533602201,
    3.7875326780172496,
    3.786663899054894,
    3.7911637929769664,
    3.788937513644879,
    3.7825575791872463,
    3.7769617300767164,
    3.77561224423922,
    3.7814854841965895,
    3.775932495410626,
    3.7716517815223107,
    3.7705057034125695,
    3.7708080731905422,
    3.7694764870863695,
    3.762066052510188,
    3.7631292709937463,
    3.768662324318519,
    3.761310338973999,
    3.758035366351788,
    3.7547940657689023,
    3.7534432227794943,
    3.746127385359544,
    3.75159896337069,
    3.7491190433502197,
    3.7387872475844164,
    3.745616454344529,
    3.741545768884512,
    3.748196290089534,
    3.7382425161508412,
    3.735796561607948,
    3.7304920233212986,
    3.7363756619966946,
    3.7285710664895864,
    3.726797782457792,
    3.7312353390913744,
    3.732968935599694,
    3.7271096339592567,
    3.7240038835085354,
    3.724075537461501,
    3.7196174218104434,
    3.71641336954557,
    3.7177119071667013,
    3.722446313271156,
    3.7156653587634745,
    3.717826788242047,
    3.7229688350970926,
    3.7202096719008226,
    3.715229657980112,
    3.708359901721661,
    3.7123740636385403,
    3.705471625694862,
    3.708011792256282,
    3.706613247211163,
    3.7086765399345984,
    3.7060068937448354,
    3.7036942335275502,
    3.703004341859084,
    3.6942537931295543,
    3.706117409926194,
    3.698719703234159,
    3.7021778913644643,
    3.7050314316382775,
    3.7056479270641622,
    3.701383884136493,
    3.695823907852173,
    3.703391900429359,
    3.700720952107356,
    3.700636918728168,
    3.6982593536376953,
    3.698305368423462,
    3.7034678092369666,
    3.7030719243563137,
    3.703081717857948,
    3.697367576452402,
    3.7008918615487905,
    3.6925542721381555,
    3.6971251781170187,
    3.6974665018228383,
    3.6975424106304464,
    3.7018115520477295,
    3.6987454157609205,
    3.696149807709914,
    3.6958119685833273,
    3.697895416846642,
    3.6979269981384277,
    3.694607771359957,
    3.6937266496511607
  ],
  "trained_on": {
    "TRAIN": {
      "n_paths": 100000,
      "sha256": "db20bf20d0b2cd9f284ed8563c53f300c956b781cdfbbfe2b1d0fc63d5275b1b"
    },
    "VAL": {
      "n_paths": 20000,
      "sha256": "c65c0567813875a0db56dfb6416ae82af0f901d53f5e6d83a61129fb8c538e47"
    }
  },
  "val_curve": [
    7.975794792175293,
    6.228275299072266,
    4.556393146514893,
    4.473958969116211,
    4.320486545562744,
    4.182709693908691,
    4.0581183433532715,
    3.9563050270080566,
    3.8751020431518555,
    3.836116313934326,
    3.818084716796875,
    3.8251986503601074,
    3.8211662769317627,
    3.821773052215576,
    3.807915449142456,
    3.8066439628601074,
    3.8062071800231934,
    3.8100857734680176,
    3.806370258331299,
    3.7981014251708984,
    3.8022701740264893,
    3.7964906692504883,
    3.7944726943969727,
    3.7953171730041504,
    3.792689085006714,
    3.79046893119812,
    3.7932674884796143,
    3.79176664352417,
    3.7868852615356445,
    3.7896575927734375,
    3.7847652435302734,
    3.7844362258911133,
    3.781872272491455,
    3.790104389190674,
    3.7822132110595703,
    3.7774605751037598,
    3.816610336303711,
    3.780567169189453,
    3.7722487449645996,
    3.775071144104004,
    3.7677061557769775,
    3.7735607624053955,
    3.766547203063965,
    3.7619290351867676,
    3.767672061920166,
    3.759964942932129,
    3.76147723197937,
    3.7576074600219727,
    3.7546756267547607,
    3.761096477508545,
    3.7502408027648926,
    3.749720573425293,
    3.7510147094726562,
    3.7438716888427734,
    3.7446579933166504,
    3.739980697631836,
    3.7383317947387695,
    3.742030143737793,
    3.735100746154785,
    3.7363948822021484,
    3.740471839904785,
    3.7315168380737305,
    3.730498790740967,
    3.723788261413574,
    3.7281765937805176,
    3.723133087158203,
    3.7220511436462402,
    3.7257862091064453,
    3.7231106758117676,
    3.715907096862793,
    3.717336416244507,
    3.7137908935546875,
    3.7126307487487793,
    3.7096590995788574,
    3.70927095413208,
    3.7070508003234863,
    3.7116737365722656,
    3.7072582244873047,
    3.7044897079467773,
    3.7037887573242188,
    3.7017040252685547,
    3.7024106979370117,
    3.699570417404175,
    3.700589656829834,
    3.698551654815674,
    3.703641891479492,
    3.696983814239502,
    3.695889472961426,
    3.6953072547912598,
    3.6952779293060303,
    3.6944239139556885,
    3.6940412521362305,
    3.6934404373168945,
    3.692368507385254,
    3.6927402019500732,
    3.6918857097625732,
    3.6914868354797363,
    3.6925439834594727,
    3.6904022693634033,
    3.690213441848755,
    3.689730167388916,
    3.6897616386413574,
    3.688835620880127,
    3.6890196800231934,
    3.688891887664795,
    3.6885857582092285,
    3.688466787338257,
    3.6881420612335205,
    3.6875438690185547,
    3.686960220336914,
    3.687103033065796,
    3.6874442100524902,
    3.6867258548736572,
    3.686734199523926,
    3.686192512512207,
    3.6860198974609375,
    3.686110019683838,
    3.6863884925842285,
    3.685821056365967,
    3.685202121734619
  ],
  "wall_seconds": 273.5
}
