{
  "best_epoch": 49,
  "best_val_objective": 2.200104236602783,
  "cost_bps": 20.0,
  "epochs_trained": 50,
  "hidden": [
    32,
    32
  ],
  "market": {
    "gbm": {
      "mu": 0.0,
      "s0": 100.0,
      "sigma": 0.2
    },
    "horizon": 0.25,
    "n_steps": 63,
    "strike": 100.0
  },
  "max_epochs": 50,
  "objective": {
    "alpha": 0.95,
    "kind": "mean_cvar",
    "lam": 1.0
  },
  "optimizer": {
    "batch_size": 8192,
    "lr": 0.003,
    "name": "adam",
    "schedule": "cosine",
    "train_dtype": "float32"
  },
  "patience": 8,
  "seed": 0,
  "smoke": false,
  "torch_version": "2.13.0+cpu",
  "train_curve": [
    7.7583285845243015,
    6.656383184286264,
    4.470301719812246,
    2.951036269848163,
    2.924358221200796,
    2.77478289604187,
    2.693918851705698,
    2.620175361633301,
    2.537959043796246,
    2.4476491121145396,
    2.3604941551501932,
    2.2888289048121524,
    2.2538492312798133,
    2.243372000180758,
    2.2340389765225925,
    2.2357332706451416,
    2.2326040818141055,
    2.232420902985793,
    2.22778870509221,
    2.222966982768132,
    2.223543937389667,
    2.22489516551678,
    2.2216412104093113,
    2.22486818753756,
    2.225984573364258,
    2.218674714748676,
    2.2176041236290565,
    2.2142850068899302,
    2.2165477459247294,
    2.2152942510751576,
    2.2156883019667406,
    2.2204544360821066,
    2.2163081719325137,
    2.2117675817929783,
    2.2170465542719913,
    2.2124000696035533,
    2.2083763892834005,
    2.2086320656996508,
    2.2086882407848654,
    2.2129053335923414,
    2.2064443734975963,
    2.208942560049204,
    2.212894769815298,
    2.2097537517547607,
    2.208796207721417,
    2.2101112512441783,
    2.2123195758232703,
    2.2098204355973463,
    2.2108944195967455,
    2.205057089145367
  ],
  "trained_on": {
    "TRAIN": {
      "n_paths": 100000,
      "sha256": "db20bf20d0b2cd9f284ed8563c53f300c956b781cdfbbfe2b1d0fc63d5275b1b"
    },
    "VAL": {
      "n_paths": 20000,
      "sha256": "c65c0567813875a0db56dfb6416ae82af0f901d53f5e6d83a61129fb8c538e47"
    }
  },
  "val_curve": [
    7.337732315063477,
    5.689785003662109,
    3.165996789932251,
    2.946521520614624,
    2.8008437156677246,
    2.725477695465088,
    2.6423354148864746,
    2.558699607849121,
    2.4879305362701416,
    2.380838632583618,
    2.304769515991211,
    2.2506635189056396,
    2.236826181411743,
    2.223755121231079,
    2.220287799835205,
    2.221318244934082,
    2.2264723777770996,
    2.216615676879883,
    2.217729091644287,
    2.225592613220215,
    2.213549852371216,
    2.211374282836914,
    2.21380877494812,
    2.2099695205688477,
    2.209383726119995,
    2.2105112075805664,
    2.208921194076538,
    2.2075023651123047,
    2.2050719261169434,
    2.205503463745117,
    2.2083663940429688,
    2.2059550285339355,
    2.208442449569702,
    2.2032570838928223,
    2.2061619758605957,
    2.20243239402771,
    2.201791524887085,
    2.2017369270324707,
    2.2017269134521484,
    2.2012600898742676,
    2.201690435409546,
    2.200725793838501,
    2.201577663421631,
    2.201326608657837,
    2.200882911682129,
    2.200366258621216,
    2.2002718448638916,
    2.200340747833252,
    2.200371742248535,
    2.200104236602783
  ],
  "wall_seconds": 116.8
}
