{
  "best_epoch": 49,
  "best_val_objective": 1.2910792827606201,
  "cost_bps": 5.0,
  "epochs_trained": 50,
  "hidden": [
    32,
    32
  ],
  "market": {
    "gbm": {
      "mu": 0.0,
      "s0": 100.0,
      "sigma": 0.2
    },
    "horizon": 0.25,
    "n_steps": 63,
    "strike": 100.0
  },
  "max_epochs": 50,
  "objective": {
    "alpha": 0.95,
    "kind": "mean_cvar",
    "lam": 1.0
  },
  "optimizer": {
    "batch_size": 8192,
    "lr": 0.003,
    "name": "adam",
    "schedule": "cosine",
    "train_dtype": "float32"
  },
  "patience": 8,
  "seed": 4,
  "smoke": false,
  "torch_version": "2.13.0+cpu",
  "train_curve": [
    7.798748566554143,
    6.9197528545673075,
    5.311043555919941,
    2.760441101514376,
    2.009264799264761,
    1.9503136689846332,
    1.8673987205211933,
    1.8171867774083064,
    1.7772094103006215,
    1.7184922328362098,
    1.6657429108252892,
    1.5997464473430927,
    1.5271570682525635,
    1.4483582790081317,
    1.3853710889816284,
    1.3492275201357329,
    1.3330223101835985,
    1.3305681485396166,
    1.3302555817824144,
    1.3255375623703003,
    1.3220154964006865,
    1.3249904467509344,
    1.328028156207158,
    1.3165172613584077,
    1.3213675755720873,
    1.3172511412547185,
    1.3177397342828603,
    1.3147717714309692,
    1.313314465376047,
    1.3115474169070904,
    1.314305984056913,
    1.306999738399799,
    1.3099677195915809,
    1.3051792566592877,
    1.3045393045131977,
    1.3066139679688673,
    1.3084233082257783,
    1.3037365491573627,
    1.3018299891398504,
    1.3026321484492376,
    1.300624737372765,
    1.3008730961726263,
    1.3049455881118774,
    1.3020083170670729,
    1.3026858476492076,
    1.2998048342191255,
    1.3037039591715887,
    1.3010079127091627,
    1.302139557324923,
    1.3022885505969708
  ],
  "trained_on": {
    "TRAIN": {
      "n_paths": 100000,
      "sha256": "db20bf20d0b2cd9f284ed8563c53f300c956b781cdfbbfe2b1d0fc63d5275b1b"
    },
    "VAL": {
      "n_paths": 20000,
      "sha256": "c65c0567813875a0db56dfb6416ae82af0f901d53f5e6d83a61129fb8c538e47"
    }
  },
  "val_curve": [
    7.33418607711792,
    6.266828536987305,
    3.9052813053131104,
    2.029554843902588,
    1.9575815200805664,
    1.8786485195159912,
    1.8296185731887817,
    1.7872804403305054,
    1.7344032526016235,
    1.6808396577835083,
    1.6221165657043457,
    1.5533992052078247,
    1.4773926734924316,
    1.4039870500564575,
    1.3524506092071533,
    1.330295205116272,
    1.3225562572479248,
    1.3176617622375488,
    1.314650058746338,
    1.315190076828003,
    1.314528226852417,
    1.322925329208374,
    1.3082910776138306,
    1.3085055351257324,
    1.306495189666748,
    1.3058862686157227,
    1.3036015033721924,
    1.3016709089279175,
    1.3006788492202759,
    1.3015066385269165,
    1.2996366024017334,
    1.298749566078186,
    1.2969609498977661,
    1.2974059581756592,
    1.2955294847488403,
    1.295138955116272,
    1.2946900129318237,
    1.2939810752868652,
    1.293997883796692,
    1.2941445112228394,
    1.2938451766967773,
    1.2926040887832642,
    1.2920926809310913,
    1.291648507118225,
    1.2916618585586548,
    1.291351318359375,
    1.2912230491638184,
    1.2913334369659424,
    1.2911115884780884,
    1.2910792827606201
  ],
  "wall_seconds": 116.0
}
