{
  "best_epoch": 49,
  "best_val_objective": 2.196287155151367,
  "cost_bps": 20.0,
  "epochs_trained": 50,
  "hidden": [
    32,
    32
  ],
  "market": {
    "gbm": {
      "mu": 0.0,
      "s0": 100.0,
      "sigma": 0.2
    },
    "horizon": 0.25,
    "n_steps": 63,
    "strike": 100.0
  },
  "max_epochs": 50,
  "objective": {
    "alpha": 0.95,
    "kind": "mean_cvar",
    "lam": 1.0
  },
  "optimizer": {
    "batch_size": 8192,
    "lr": 0.003,
    "name": "adam",
    "schedule": "cosine",
    "train_dtype": "float32"
  },
  "patience": 8,
  "seed": 3,
  "smoke": false,
  "torch_version": "2.13.0+cpu",
  "train_curve": [
    7.649663741771992,
    6.225638536306528,
    3.718345183592576,
    2.856929797392625,
    2.753270992865929,
    2.6444571018218994,
    2.5579418402451735,
    2.485699103428767,
    2.415613999733558,
    2.350286061947162,
    2.2939776457273044,
    2.2648970713982215,
    2.2424890995025635,
    2.232835421195397,
    2.2283261922689586,
    2.225229868522057,
    2.2302419405717115,
    2.219682051585271,
    2.2192646173330455,
    2.2198732999654918,
    2.225867124704214,
    2.2227698289431057,
    2.2195230630727916,
    2.2129895870502176,
    2.214328802548922,
    2.212222832899827,
    2.219387274522048,
    2.2130766281714807,
    2.2169740200042725,
    2.2127405863541822,
    2.208488574394813,
    2.208062006877019,
    2.205579629311195,
    2.2124987015357385,
    2.2080479585207424,
    2.206294004733746,
    2.2138264179229736,
    2.2073322259462795,
    2.2061245258037863,
    2.2073822571681094,
    2.2056736579308143,
    2.21048065332266,
    2.206429829964271,
    2.2047749115870547,
    2.211445826750535,
    2.205357991732084,
    2.2085232184483456,
    2.2036632941319394,
    2.203480757199801,
    2.212503011410053
  ],
  "trained_on": {
    "TRAIN": {
      "n_paths": 100000,
      "sha256": "db20bf20d0b2cd9f284ed8563c53f300c956b781cdfbbfe2b1d0fc63d5275b1b"
    },
    "VAL": {
      "n_paths": 20000,
      "sha256": "c65c0567813875a0db56dfb6416ae82af0f901d53f5e6d83a61129fb8c538e47"
    }
  },
  "val_curve": [
    7.102234840393066,
    4.986588001251221,
    2.7717297077178955,
    2.843449592590332,
    2.6574525833129883,
    2.5904555320739746,
    2.5072317123413086,
    2.4319467544555664,
    2.360823154449463,
    2.302518367767334,
    2.2568604946136475,
    2.2338454723358154,
    2.2232284545898438,
    2.2180657386779785,
    2.2156496047973633,
    2.2128756046295166,
    2.2123541831970215,
    2.215503215789795,
    2.214843273162842,
    2.2081007957458496,
    2.212615728378296,
    2.205484390258789,
    2.2058157920837402,
    2.205230236053467,
    2.2062206268310547,
    2.2042770385742188,
    2.2057394981384277,
    2.205349922180176,
    2.2021443843841553,
    2.201380729675293,
    2.2006285190582275,
    2.2014873027801514,
    2.1994118690490723,
    2.1990880966186523,
    2.1992602348327637,
    2.1980438232421875,
    2.198514699935913,
    2.201467990875244,
    2.1981210708618164,
    2.1976447105407715,
    2.1977903842926025,
    2.197063446044922,
    2.197035312652588,
    2.1969361305236816,
    2.1969432830810547,
    2.196631908416748,
    2.1966118812561035,
    2.1966824531555176,
    2.1964316368103027,
    2.196287155151367
  ],
  "wall_seconds": 116.1
}
