{
  "best_epoch": 119,
  "best_val_objective": 3.693345069885254,
  "cost_bps": 50.0,
  "epochs_trained": 120,
  "hidden": [
    32,
    32
  ],
  "market": {
    "gbm": {
      "mu": 0.0,
      "s0": 100.0,
      "sigma": 0.2
    },
    "horizon": 0.25,
    "n_steps": 63,
    "strike": 100.0
  },
  "max_epochs": 120,
  "objective": {
    "alpha": 0.95,
    "kind": "mean_cvar",
    "lam": 1.0
  },
  "optimizer": {
    "batch_size": 8192,
    "lr": 0.003,
    "name": "adam",
    "schedule": "cosine",
    "train_dtype": "float32"
  },
  "patience": 12,
  "seed": 1,
  "smoke": false,
  "torch_version": "2.13.0+cpu",
  "train_curve": [
    8.746365033663237,
    7.875417746030367,
    6.189717549544114,
    4.742299520052397,
    4.639215249281663,
    4.45432527248676,
    4.3540544876685505,
    4.260444054236779,
    4.173956907712496,
    4.077360153198242,
    3.9909555361821103,
    3.913609119562002,
    3.86527365904588,
    3.834841691530668,
    3.818128200677725,
    3.822729074037992,
    3.8058213820824256,
    3.811801525262686,
    3.8053374657264123,
    3.8045113270099344,
    3.8018530148726244,
    3.8066994960491476,
    3.7951745069943943,
    3.8055217816279483,
    3.7980255347031813,
    3.7949970868917613,
    3.803085235448984,
    3.791592139464158,
    3.7952135526216946,
    3.7833693210895243,
    3.7870379778055043,
    3.788835195394663,
    3.786047201890212,
    3.7833772622621975,
    3.7801012626061072,
    3.777985701194176,
    3.779483520067655,
    3.777023407129141,
    3.7740832842313328,
    3.7799305549034705,
    3.7712390422821045,
    3.7685147432180552,
    3.7670910908625674,
    3.764545202255249,
    3.7719878600193906,
    3.768831601509681,
    3.764054298400879,
    3.7609198643611026,
    3.755739762232854,
    3.7590479850769043,
    3.756808409324059,
    3.7554373190953183,
    3.7469646013700046,
    3.7530938662015476,
    3.7503741337702823,
    3.7506924042334924,
    3.7545942893395057,
    3.741284645520724,
    3.74478870171767,
    3.741189424808209,
    3.749061052615826,
    3.74269804587731,
    3.7416247587937574,
    3.731132672383235,
    3.7338062616494985,
    3.7356604612790623,
    3.7358201100276065,
    3.7251223417428823,
    3.72920769911546,
    3.729609306042011,
    3.732440104851356,
    3.7296054363250732,
    3.7279109404637265,
    3.7252357739668627,
    3.7270955122434177,
    3.7229176117823672,
    3.7210837327516995,
    3.72252842096182,
    3.715728209568904,
    3.7171278183276835,
    3.7147894639235277,
    3.717864293318528,
    3.714131575364333,
    3.7148707463191104,
    3.7159865452693057,
    3.7134395195887637,
    3.7103502383598914,
    3.7177714751316953,
    3.7139219687535214,
    3.712798595428467,
    3.708316766298734,
    3.709917563658494,
    3.7040400321667013,
    3.701935914846567,
    3.7094020476708045,
    3.7087241869706373,
    3.706472635269165,
    3.708150240091177,
    3.706063307248629,
    3.7042269706726074,
    3.7057942610520582,
    3.705374534313495,
    3.7067784529465895,
    3.708639071537898,
    3.705695445720966,
    3.7012025943169227,
    3.704742376620953,
    3.7012388156010556,
    3.7022279592660756,
    3.703672922574557,
    3.703597142146184,
    3.706241772725032,
    3.703337394274198,
    3.7060875709240255,
    3.709939424808209,
    3.700391549330491,
    3.7028271968548117,
    3.699398480928861,
    3.696434809611394,
    3.6990091617290792
  ],
  "trained_on": {
    "TRAIN": {
      "n_paths": 100000,
      "sha256": "db20bf20d0b2cd9f284ed8563c53f300c956b781cdfbbfe2b1d0fc63d5275b1b"
    },
    "VAL": {
      "n_paths": 20000,
      "sha256": "c65c0567813875a0db56dfb6416ae82af0f901d53f5e6d83a61129fb8c538e47"
    }
  },
  "val_curve": [
    8.336417198181152,
    7.166760444641113,
    5.013550281524658,
    4.731500625610352,
    4.483359336853027,
    4.395024299621582,
    4.2949724197387695,
    4.201699733734131,
    4.108907222747803,
    4.017393112182617,
    3.935086250305176,
    3.872091770172119,
    3.831376552581787,
    3.815701723098755,
    3.8216495513916016,
    3.8052444458007812,
    3.814239025115967,
    3.8023757934570312,
    3.8026256561279297,
    3.7955164909362793,
    3.799180507659912,
    3.794642925262451,
    3.8040850162506104,
    3.7897679805755615,
    3.800673484802246,
    3.794996738433838,
    3.7883596420288086,
    3.7904486656188965,
    3.7785511016845703,
    3.780425548553467,
    3.7808189392089844,
    3.7755324840545654,
    3.773012399673462,
    3.7728874683380127,
    3.771789073944092,
    3.7716495990753174,
    3.771030902862549,
    3.765778064727783,
    3.768364906311035,
    3.7661280632019043,
    3.7642388343811035,
    3.758924722671509,
    3.7626402378082275,
    3.759674310684204,
    3.7548274993896484,
    3.755465507507324,
    3.7641489505767822,
    3.753828525543213,
    3.756688117980957,
    3.747551441192627,
    3.745997190475464,
    3.7502737045288086,
    3.744757652282715,
    3.748229742050171,
    3.7397518157958984,
    3.7410006523132324,
    3.7426533699035645,
    3.734922409057617,
    3.7372612953186035,
    3.7328009605407715,
    3.7334494590759277,
    3.7309484481811523,
    3.7336926460266113,
    3.729609489440918,
    3.730872631072998,
    3.7247769832611084,
    3.7237064838409424,
    3.7227942943573,
    3.7243242263793945,
    3.721778631210327,
    3.7374844551086426,
    3.727794647216797,
    3.7311601638793945,
    3.7219629287719727,
    3.7171924114227295,
    3.7138671875,
    3.7146735191345215,
    3.7131032943725586,
    3.7119765281677246,
    3.7124128341674805,
    3.708949089050293,
    3.7094149589538574,
    3.70811128616333,
    3.7079343795776367,
    3.7066097259521484,
    3.7055180072784424,
    3.7090137004852295,
    3.7044930458068848,
    3.7084012031555176,
    3.7036547660827637,
    3.7037808895111084,
    3.702183723449707,
    3.7031073570251465,
    3.700774669647217,
    3.7006165981292725,
    3.6997814178466797,
    3.7001748085021973,
    3.6991329193115234,
    3.6982998847961426,
    3.698925495147705,
    3.697697639465332,
    3.6973061561584473,
    3.697146415710449,
    3.6976776123046875,
    3.697005033493042,
    3.696143627166748,
    3.696244716644287,
    3.696255922317505,
    3.695725440979004,
    3.6954526901245117,
    3.6954925060272217,
    3.694883346557617,
    3.69537353515625,
    3.6946444511413574,
    3.6949639320373535,
    3.694596767425537,
    3.694211483001709,
    3.694037437438965,
    3.6939027309417725,
    3.693345069885254
  ],
  "wall_seconds": 283.7
}
