{
  "best_epoch": 48,
  "best_val_objective": 2.2044239044189453,
  "cost_bps": 20.0,
  "epochs_trained": 50,
  "hidden": [
    32,
    32
  ],
  "market": {
    "gbm": {
      "mu": 0.0,
      "s0": 100.0,
      "sigma": 0.2
    },
    "horizon": 0.25,
    "n_steps": 63,
    "strike": 100.0
  },
  "max_epochs": 50,
  "objective": {
    "alpha": 0.95,
    "kind": "mean_cvar",
    "lam": 1.0
  },
  "optimizer": {
    "batch_size": 8192,
    "lr": 0.003,
    "name": "adam",
    "schedule": "cosine",
    "train_dtype": "float32"
  },
  "patience": 8,
  "seed": 4,
  "smoke": false,
  "torch_version": "2.13.0+cpu",
  "train_curve": [
    8.1380049265348,
    7.356262133671687,
    5.951098221998948,
    3.6575163327730618,
    3.045794578698965,
    2.943661377980159,
    2.839330893296462,
    2.7626703885885386,
    2.690742859473595,
    2.5975615061246433,
    2.5083864285395694,
    2.4080095841334415,
    2.3186820286970873,
    2.2602637914510875,
    2.242861105845525,
    2.241949980075543,
    2.240833777647752,
    2.237612119087806,
    2.2388504651876597,
    2.234360878284161,
    2.231645657466008,
    2.234911533502432,
    2.23209731395428,
    2.2249644903036265,
    2.23401009119474,
    2.227083059457632,
    2.228040016614474,
    2.2250315042642446,
    2.2233232901646542,
    2.2209600118490367,
    2.2238232906048117,
    2.217629707776583,
    2.2216399816366343,
    2.217004886040321,
    2.2157427897820106,
    2.2183495301466722,
    2.2198756474715013,
    2.215500446466299,
    2.2126914904667783,
    2.213981958536001,
    2.211454758277306,
    2.2115531334510217,
    2.2175285449394813,
    2.214227474652804,
    2.2133537439199595,
    2.212289131604708,
    2.2155142564039965,
    2.212229692018949,
    2.2134210879986105,
    2.213204255470863
  ],
  "trained_on": {
    "TRAIN": {
      "n_paths": 100000,
      "sha256": "db20bf20d0b2cd9f284ed8563c53f300c956b781cdfbbfe2b1d0fc63d5275b1b"
    },
    "VAL": {
      "n_paths": 20000,
      "sha256": "c65c0567813875a0db56dfb6416ae82af0f901d53f5e6d83a61129fb8c538e47"
    }
  },
  "val_curve": [
    7.7183074951171875,
    6.78952693939209,
    4.70542573928833,
    3.0291049480438232,
    2.9870386123657227,
    2.857231855392456,
    2.7924611568450928,
    2.7130956649780273,
    2.6294257640838623,
    2.539609432220459,
    2.438922882080078,
    2.340264081954956,
    2.2669012546539307,
    2.2360615730285645,
    2.2305665016174316,
    2.232975482940674,
    2.227304458618164,
    2.2278997898101807,
    2.229552745819092,
    2.2222743034362793,
    2.227717638015747,
    2.2202816009521484,
    2.2192611694335938,
    2.220968723297119,
    2.2171125411987305,
    2.2164618968963623,
    2.2158281803131104,
    2.2129623889923096,
    2.2132065296173096,
    2.2123863697052,
    2.2116751670837402,
    2.2102138996124268,
    2.212273120880127,
    2.210102081298828,
    2.208141803741455,
    2.2079930305480957,
    2.207200288772583,
    2.20664119720459,
    2.206448793411255,
    2.2065982818603516,
    2.2061643600463867,
    2.2056994438171387,
    2.2052817344665527,
    2.205078125,
    2.2048046588897705,
    2.2049219608306885,
    2.20474910736084,
    2.2048397064208984,
    2.2044239044189453,
    2.204488515853882
  ],
  "wall_seconds": 128.9
}
