{
  "best_epoch": 119,
  "best_val_objective": 2.131012439727783,
  "cost_bps": 20.0,
  "epochs_trained": 120,
  "hidden": [
    32,
    32
  ],
  "market": {
    "gbm": {
      "mu": 0.0,
      "s0": 100.0,
      "sigma": 0.2
    },
    "horizon": 0.25,
    "n_steps": 63,
    "strike": 100.0
  },
  "max_epochs": 120,
  "objective": {
    "alpha": 0.95,
    "kind": "mean_cvar",
    "lam": 1.0
  },
  "optimizer": {
    "batch_size": 8192,
    "lr": 0.003,
    "name": "adam",
    "schedule": "cosine",
    "train_dtype": "float32"
  },
  "patience": 12,
  "seed": 1,
  "smoke": false,
  "torch_version": "2.13.0+cpu",
  "train_curve": [
    8.061443365537203,
    6.9009390977712775,
    4.747328428121714,
    2.9413911746098447,
    2.9163623589735765,
    2.7699423936697154,
    2.7189961946927586,
    2.659102733318622,
    2.610383473909818,
    2.5497604516836314,
    2.487344558422382,
    2.4157097889826846,
    2.3422210766718936,
    2.289356286709125,
    2.249092670587393,
    2.2395309851719785,
    2.225702267426711,
    2.2282309532165527,
    2.2237572303185096,
    2.222086319556603,
    2.219737713153546,
    2.2249161280118503,
    2.218760508757371,
    2.2207280489114614,
    2.2141514191260705,
    2.2107575856722317,
    2.2168496205256534,
    2.210395868007953,
    2.214315267709585,
    2.20575004357558,
    2.207441513354962,
    2.207159060698289,
    2.2052710973299465,
    2.2054688380314755,
    2.2032732229966383,
    2.201384269274198,
    2.202023121026846,
    2.199489116668701,
    2.195492542707003,
    2.2019705955798807,
    2.1942822566399207,
    2.1898392897385817,
    2.1926740683042087,
    2.1888703382932224,
    2.195513890339778,
    2.191013134442843,
    2.186412499501155,
    2.186673457805927,
    2.1786964306464562,
    2.1846795082092285,
    2.1839463894183817,
    2.181578361071073,
    2.173350077409011,
    2.177002650040847,
    2.1761884689331055,
    2.1789931700779843,
    2.1775971192580004,
    2.172105385706975,
    2.1729396123152513,
    2.1709440304682803,
    2.1760816757495585,
    2.168950080871582,
    2.1655162297762356,
    2.162184238433838,
    2.1595140237074633,
    2.16336334668673,
    2.165780489261334,
    2.156431198120117,
    2.162292792246892,
    2.159814577836257,
    2.160997830904447,
    2.1597085182483378,
    2.158675487224872,
    2.1539917175586405,
    2.1586349193866434,
    2.154140600791344,
    2.1517763504615197,
    2.1536478996276855,
    2.1487935139582706,
    2.150079580453726,
    2.14925976899954,
    2.150788655647865,
    2.1481866102952223,
    2.1511580027066746,
    2.150413128045889,
    2.1453265777001014,
    2.1459681254166822,
    2.1487385676457333,
    2.145101492221539,
    2.1424713684962344,
    2.1418523971851053,
    2.145100373488206,
    2.143579904849713,
    2.141905527848464,
    2.1451959976783166,
    2.1425054256732645,
    2.144388125492976,
    2.145128140082726,
    2.140786336018489,
    2.1412840439723086,
    2.1406659529759335,
    2.1437526849599986,
    2.1430676533625674,
    2.1457076989687405,
    2.141833635476919,
    2.140224603506235,
    2.1421702091510477,
    2.1402236131521373,
    2.139982663668119,
    2.142159572014442,
    2.1415802332071157,
    2.1437233778146596,
    2.1444468131432166,
    2.140682788995596,
    2.1455300404475284,
    2.140847316155067,
    2.1426348319420447,
    2.1401837972494273,
    2.136460157541128,
    2.1399353467501125
  ],
  "trained_on": {
    "TRAIN": {
      "n_paths": 100000,
      "sha256": "db20bf20d0b2cd9f284ed8563c53f300c956b781cdfbbfe2b1d0fc63d5275b1b"
    },
    "VAL": {
      "n_paths": 20000,
      "sha256": "c65c0567813875a0db56dfb6416ae82af0f901d53f5e6d83a61129fb8c538e47"
    }
  },
  "val_curve": [
    7.518229961395264,
    5.963759422302246,
    3.3155763149261475,
    2.911970376968384,
    2.8097457885742188,
    2.7316081523895264,
    2.675377368927002,
    2.6207849979400635,
    2.5710062980651855,
    2.5040621757507324,
    2.4377658367156982,
    2.360078811645508,
    2.3020081520080566,
    2.249218463897705,
    2.2388792037963867,
    2.220982313156128,
    2.221755266189575,
    2.2181482315063477,
    2.215975284576416,
    2.2109451293945312,
    2.213942527770996,
    2.214857339859009,
    2.2186732292175293,
    2.205514907836914,
    2.209991931915283,
    2.2059829235076904,
    2.2033283710479736,
    2.204092502593994,
    2.19909405708313,
    2.2027759552001953,
    2.2015984058380127,
    2.195805072784424,
    2.193809747695923,
    2.1961302757263184,
    2.1926119327545166,
    2.1923611164093018,
    2.1939122676849365,
    2.1890339851379395,
    2.187591075897217,
    2.189772129058838,
    2.188227415084839,
    2.182525396347046,
    2.187347412109375,
    2.1822025775909424,
    2.181180238723755,
    2.1779799461364746,
    2.180858850479126,
    2.1750097274780273,
    2.181271553039551,
    2.1736972332000732,
    2.1730871200561523,
    2.171347141265869,
    2.17053484916687,
    2.175767660140991,
    2.172459602355957,
    2.166175365447998,
    2.175825595855713,
    2.168811321258545,
    2.1645894050598145,
    2.161604404449463,
    2.1604385375976562,
    2.158655881881714,
    2.161776542663574,
    2.155876874923706,
    2.1599442958831787,
    2.1546592712402344,
    2.1545519828796387,
    2.1522109508514404,
    2.153549909591675,
    2.1499810218811035,
    2.1630334854125977,
    2.151803970336914,
    2.150534152984619,
    2.146825075149536,
    2.1478490829467773,
    2.1461904048919678,
    2.145313262939453,
    2.144299030303955,
    2.1436104774475098,
    2.1435654163360596,
    2.1424973011016846,
    2.141833543777466,
    2.14350962638855,
    2.1405229568481445,
    2.1400763988494873,
    2.139399290084839,
    2.138826847076416,
    2.1392128467559814,
    2.1388492584228516,
    2.137510061264038,
    2.137312412261963,
    2.1371798515319824,
    2.137625217437744,
    2.135779857635498,
    2.135974168777466,
    2.1353161334991455,
    2.1352906227111816,
    2.134878396987915,
    2.133976936340332,
    2.1340653896331787,
    2.1340153217315674,
    2.133585214614868,
    2.133624792098999,
    2.133681297302246,
    2.133255958557129,
    2.132744312286377,
    2.1326258182525635,
    2.132732629776001,
    2.132493734359741,
    2.1324002742767334,
    2.1322216987609863,
    2.1322150230407715,
    2.132479190826416,
    2.1322054862976074,
    2.1321167945861816,
    2.1319210529327393,
    2.1317672729492188,
    2.1315438747406006,
    2.131427764892578,
    2.131012439727783
  ],
  "wall_seconds": 266.8
}
