{
  "best_epoch": 48,
  "best_val_objective": 1.277923822402954,
  "cost_bps": 5.0,
  "epochs_trained": 50,
  "hidden": [
    32,
    32
  ],
  "market": {
    "gbm": {
      "mu": 0.0,
      "s0": 100.0,
      "sigma": 0.2
    },
    "horizon": 0.25,
    "n_steps": 63,
    "strike": 100.0
  },
  "max_epochs": 50,
  "objective": {
    "alpha": 0.95,
    "kind": "mean_cvar",
    "lam": 1.0
  },
  "optimizer": {
    "batch_size": 8192,
    "lr": 0.003,
    "name": "adam",
    "schedule": "cosine",
    "train_dtype": "float32"
  },
  "patience": 8,
  "seed": 2,
  "smoke": false,
  "torch_version": "2.13.0+cpu",
  "train_curve": [
    7.5081215638380785,
    6.477123150458703,
    4.437796922830435,
    2.216468875224774,
    1.9402802632405207,
    1.8459378572610707,
    1.7892629550053523,
    1.7583854748652532,
    1.7279394498238196,
    1.6853369841208825,
    1.6345179264362042,
    1.5921046091960027,
    1.531790669147785,
    1.4718939065933228,
    1.4155340653199415,
    1.363600464967581,
    1.3337962535711436,
    1.3224437328485341,
    1.3234657049179077,
    1.3167027510129488,
    1.313460377546457,
    1.3033009400734534,
    1.3023482194313636,
    1.3017281568967378,
    1.302374032827524,
    1.2973888287177453,
    1.2995394376608043,
    1.2963264630391047,
    1.2972014867342436,
    1.2974143945253813,
    1.296180037351755,
    1.2907250569416926,
    1.2928280555284941,
    1.28863302560953,
    1.290383559006911,
    1.2932113133943999,
    1.2939475499666655,
    1.290749036348783,
    1.2936999981219952,
    1.2962121871801524,
    1.2899386149186354,
    1.290314793586731,
    1.2887760309072642,
    1.2890726052797759,
    1.289634658740117,
    1.2834426714823797,
    1.2873872151741614,
    1.286684173804063,
    1.2892472652288585,
    1.2850553072415865
  ],
  "trained_on": {
    "TRAIN": {
      "n_paths": 100000,
      "sha256": "db20bf20d0b2cd9f284ed8563c53f300c956b781cdfbbfe2b1d0fc63d5275b1b"
    },
    "VAL": {
      "n_paths": 20000,
      "sha256": "c65c0567813875a0db56dfb6416ae82af0f901d53f5e6d83a61129fb8c538e47"
    }
  },
  "val_curve": [
    7.055253505706787,
    5.610301971435547,
    2.9289684295654297,
    1.9207370281219482,
    1.8799341917037964,
    1.7978774309158325,
    1.7755255699157715,
    1.7280504703521729,
    1.6914756298065186,
    1.6525806188583374,
    1.6042646169662476,
    1.5536863803863525,
    1.4921181201934814,
    1.4356523752212524,
    1.3734453916549683,
    1.3333457708358765,
    1.3143491744995117,
    1.3106330633163452,
    1.302017092704773,
    1.300519585609436,
    1.2975431680679321,
    1.2949342727661133,
    1.293849229812622,
    1.2924447059631348,
    1.290936827659607,
    1.2992666959762573,
    1.2885780334472656,
    1.2890480756759644,
    1.2868162393569946,
    1.2869418859481812,
    1.2861754894256592,
    1.2845162153244019,
    1.2834745645523071,
    1.2828524112701416,
    1.2820374965667725,
    1.281715989112854,
    1.2824214696884155,
    1.2805864810943604,
    1.280597448348999,
    1.280309796333313,
    1.279397964477539,
    1.279191017150879,
    1.2789831161499023,
    1.2788225412368774,
    1.2784987688064575,
    1.2784314155578613,
    1.2782082557678223,
    1.2781100273132324,
    1.277923822402954,
    1.2780989408493042
  ],
  "wall_seconds": 120.4
}
