{
  "best_epoch": 49,
  "best_val_objective": 1.2874088287353516,
  "cost_bps": 5.0,
  "epochs_trained": 50,
  "hidden": [
    32,
    32
  ],
  "market": {
    "gbm": {
      "mu": 0.0,
      "s0": 100.0,
      "sigma": 0.2
    },
    "horizon": 0.25,
    "n_steps": 63,
    "strike": 100.0
  },
  "max_epochs": 50,
  "objective": {
    "alpha": 0.95,
    "kind": "mean_cvar",
    "lam": 1.0
  },
  "optimizer": {
    "batch_size": 8192,
    "lr": 0.003,
    "name": "adam",
    "schedule": "cosine",
    "train_dtype": "float32"
  },
  "patience": 8,
  "seed": 0,
  "smoke": false,
  "torch_version": "2.13.0+cpu",
  "train_curve": [
    7.38272685271043,
    6.142817754011888,
    3.7455008580134463,
    1.970296547963069,
    1.9255487093558679,
    1.8267229153559759,
    1.763996151777414,
    1.7222696726138775,
    1.673667916884789,
    1.6123302074579091,
    1.5477494459885817,
    1.4761441579231849,
    1.4097791084876428,
    1.3625333675971398,
    1.3374778857597938,
    1.332865595817566,
    1.3290261396994958,
    1.3250513076782227,
    1.3222539516595693,
    1.3175667982835035,
    1.3163140278596144,
    1.3178651883051946,
    1.3157493426249578,
    1.3161580654291005,
    1.3172292434252226,
    1.3133208476580107,
    1.3100908811275775,
    1.307030045069181,
    1.3099565230883086,
    1.3050465033604548,
    1.3074728158804088,
    1.3098442737872784,
    1.3046891047404363,
    1.3024720687132616,
    1.3074774283629198,
    1.303644712154682,
    1.2990156503824086,
    1.298733720412621,
    1.3000682225594153,
    1.302049811069782,
    1.2971595525741577,
    1.2987675941907442,
    1.3021481862434974,
    1.2994453723614032,
    1.2978326357327974,
    1.2996181708115797,
    1.301082629423875,
    1.2988488949262178,
    1.3009401559829712,
    1.2941754781282866
  ],
  "trained_on": {
    "TRAIN": {
      "n_paths": 100000,
      "sha256": "db20bf20d0b2cd9f284ed8563c53f300c956b781cdfbbfe2b1d0fc63d5275b1b"
    },
    "VAL": {
      "n_paths": 20000,
      "sha256": "c65c0567813875a0db56dfb6416ae82af0f901d53f5e6d83a61129fb8c538e47"
    }
  },
  "val_curve": [
    6.90093469619751,
    5.068550109863281,
    2.3066093921661377,
    1.9017055034637451,
    1.8540419340133667,
    1.7739601135253906,
    1.738629937171936,
    1.6830546855926514,
    1.6309674978256226,
    1.569517970085144,
    1.499424934387207,
    1.4264863729476929,
    1.3726931810379028,
    1.3327878713607788,
    1.3223366737365723,
    1.3199610710144043,
    1.316375494003296,
    1.316064715385437,
    1.3123470544815063,
    1.309175729751587,
    1.3066147565841675,
    1.3055731058120728,
    1.3031632900238037,
    1.3018988370895386,
    1.301357388496399,
    1.2999074459075928,
    1.2983229160308838,
    1.2982364892959595,
    1.2955652475357056,
    1.2988849878311157,
    1.29511296749115,
    1.2936383485794067,
    1.293867826461792,
    1.294308066368103,
    1.2938225269317627,
    1.2913764715194702,
    1.290452241897583,
    1.2899284362792969,
    1.2898011207580566,
    1.289353370666504,
    1.2892802953720093,
    1.2885936498641968,
    1.2884536981582642,
    1.2887548208236694,
    1.2886016368865967,
    1.2879716157913208,
    1.2878400087356567,
    1.2878631353378296,
    1.287534475326538,
    1.2874088287353516
  ],
  "wall_seconds": 131.7
}
