{
  "best_epoch": 119,
  "best_val_objective": 1.190971851348877,
  "cost_bps": 5.0,
  "epochs_trained": 120,
  "hidden": [
    32,
    32
  ],
  "market": {
    "gbm": {
      "mu": 0.0,
      "s0": 100.0,
      "sigma": 0.2
    },
    "horizon": 0.25,
    "n_steps": 63,
    "strike": 100.0
  },
  "max_epochs": 120,
  "objective": {
    "alpha": 0.95,
    "kind": "mean_cvar",
    "lam": 1.0
  },
  "optimizer": {
    "batch_size": 8192,
    "lr": 0.003,
    "name": "adam",
    "schedule": "cosine",
    "train_dtype": "float32"
  },
  "patience": 12,
  "seed": 4,
  "smoke": false,
  "torch_version": "2.13.0+cpu",
  "train_curve": [
    7.798748566554143,
    6.9193548789391155,
    5.306185025435227,
    2.7495256937467136,
    2.0090781908768873,
    1.950029024711022,
    1.865432436649616,
    1.813885395343487,
    1.771945779140179,
    1.7089007450984075,
    1.6514832514982958,
    1.5779021428181574,
    1.4952321694447444,
    1.4097394026242769,
    1.3558963262117827,
    1.3360150502278254,
    1.3275336027145386,
    1.3266114179904644,
    1.3264868534528291,
    1.322089277780973,
    1.3192422848481398,
    1.3217556384893565,
    1.318153399687547,
    1.3136763756091778,
    1.3167249239408052,
    1.3101573357215295,
    1.3106783903562105,
    1.3091242496783917,
    1.3036770453819861,
    1.301491223848783,
    1.3023617909504817,
    1.2945316846554096,
    1.2955182974155133,
    1.2903654391948993,
    1.2870170244803796,
    1.2885400240237896,
    1.2876349229079027,
    1.283385524382958,
    1.278424015411964,
    1.2773641164486225,
    1.2722580616290753,
    1.2717775198129506,
    1.2731373676886926,
    1.2671693563461304,
    1.2635675760415883,
    1.2605789808126597,
    1.261087601001446,
    1.2552719024511485,
    1.2541543612113366,
    1.252611178618211,
    1.2463402839807363,
    1.2472314742895274,
    1.2446784789745624,
    1.2416277940456684,
    1.2399720778832068,
    1.235525186245258,
    1.2336102173878596,
    1.2313032792164729,
    1.2268601931058443,
    1.2291565308204064,
    1.230498662361732,
    1.2269671971981342,
    1.2247653832802405,
    1.2174511506007268,
    1.2266044433300312,
    1.2225110897651086,
    1.2189624034441435,
    1.221869211930495,
    1.2180971274009118,
    1.2149969706168542,
    1.2162347390101507,
    1.2160747876534095,
    1.2154694979007428,
    1.2152627064631536,
    1.211936382146982,
    1.2122861513724694,
    1.213666374866779,
    1.21184058372791,
    1.2159600808070257,
    1.2153571844100952,
    1.2090610449130719,
    1.2091830968856812,
    1.2080742854338427,
    1.212565201979417,
    1.2146986722946167,
    1.207128093792842,
    1.2106047226832464,
    1.2109135114229643,
    1.2123532845423772,
    1.2078967369519746,
    1.2112745688511775,
    1.2048729566427379,
    1.2048578629126916,
    1.2079334992628832,
    1.2095173047139094,
    1.2054746517768273,
    1.2142373140041645,
    1.204369489963238,
    1.2045794817117543,
    1.204491376876831,
    1.205225605231065,
    1.2047233673242421,
    1.2089583782049327,
    1.2067144100482647,
    1.2080980447622447,
    1.2044727710577159,
    1.2079693629191472,
    1.2078469258088331,
    1.205685285421518,
    1.20435670705942,
    1.206364897581247,
    1.2064748268861036,
    1.2050880193710327,
    1.2042776804703932,
    1.2076502396510198,
    1.205867418876061,
    1.203173279762268,
    1.2051353546289296,
    1.2039741919590876,
    1.2034945212877715
  ],
  "trained_on": {
    "TRAIN": {
      "n_paths": 100000,
      "sha256": "db20bf20d0b2cd9f284ed8563c53f300c956b781cdfbbfe2b1d0fc63d5275b1b"
    },
    "VAL": {
      "n_paths": 20000,
      "sha256": "c65c0567813875a0db56dfb6416ae82af0f901d53f5e6d83a61129fb8c538e47"
    }
  },
  "val_curve": [
    7.33418607711792,
    6.265713214874268,
    3.8950469493865967,
    2.0256738662719727,
    1.9580566883087158,
    1.877238392829895,
    1.8270131349563599,
    1.782166600227356,
    1.7280720472335815,
    1.66977858543396,
    1.6034327745437622,
    1.528268814086914,
    1.4399571418762207,
    1.366899013519287,
    1.3305593729019165,
    1.321793556213379,
    1.3174612522125244,
    1.314049482345581,
    1.311945915222168,
    1.312285304069519,
    1.31680428981781,
    1.3107953071594238,
    1.3039286136627197,
    1.3000690937042236,
    1.3011128902435303,
    1.2986972332000732,
    1.2964215278625488,
    1.292068600654602,
    1.290885329246521,
    1.2957127094268799,
    1.2861521244049072,
    1.284517765045166,
    1.2834680080413818,
    1.2798755168914795,
    1.2806295156478882,
    1.272968053817749,
    1.2704466581344604,
    1.2690727710723877,
    1.267636775970459,
    1.2625844478607178,
    1.266441822052002,
    1.2596890926361084,
    1.2551472187042236,
    1.252510905265808,
    1.2526277303695679,
    1.2455742359161377,
    1.2459205389022827,
    1.24623441696167,
    1.2423815727233887,
    1.23414146900177,
    1.233276128768921,
    1.2368131875991821,
    1.2291853427886963,
    1.2243274450302124,
    1.2228842973709106,
    1.2217085361480713,
    1.2165265083312988,
    1.2167720794677734,
    1.2151658535003662,
    1.218876600265503,
    1.2101820707321167,
    1.2132177352905273,
    1.20888090133667,
    1.2122938632965088,
    1.2049696445465088,
    1.204435110092163,
    1.2112900018692017,
    1.2027416229248047,
    1.201635718345642,
    1.2016390562057495,
    1.1998906135559082,
    1.199671983718872,
    1.198926568031311,
    1.197587251663208,
    1.1989707946777344,
    1.1975289583206177,
    1.197306752204895,
    1.2004640102386475,
    1.2003644704818726,
    1.2034310102462769,
    1.1969788074493408,
    1.195493221282959,
    1.194993019104004,
    1.1958178281784058,
    1.1945868730545044,
    1.1943451166152954,
    1.1936554908752441,
    1.1944537162780762,
    1.193359375,
    1.1932133436203003,
    1.1936067342758179,
    1.193434238433838,
    1.1929160356521606,
    1.1927309036254883,
    1.1931016445159912,
    1.1926236152648926,
    1.1924675703048706,
    1.192589521408081,
    1.1921110153198242,
    1.1921896934509277,
    1.192035436630249,
    1.192173719406128,
    1.192012071609497,
    1.1917095184326172,
    1.1917303800582886,
    1.1916358470916748,
    1.1918866634368896,
    1.1916751861572266,
    1.1913762092590332,
    1.1911475658416748,
    1.1914509534835815,
    1.191282033920288,
    1.1914781332015991,
    1.1911214590072632,
    1.1912164688110352,
    1.1911709308624268,
    1.1911765336990356,
    1.1911002397537231,
    1.191055417060852,
    1.190971851348877
  ],
  "wall_seconds": 266.2
}
