{
  "h2_verdict": "not supported",
  "iou_pass": false,
  "means_monotone": true,
  "metric": {
    "grid": {
      "eps": 0.01,
      "holdings": [
        0.0,
        1.0,
        41
      ],
      "spots": [
        85.0,
        115.0,
        61
      ],
      "tau": 0.125
    },
    "iou_threshold": 0.5,
    "monotonicity_rule": "across-seed mean widths strictly increasing AND >=4/5 seeds strictly increasing"
  },
  "monotone_pass": true,
  "per_cost": {
    "20.0": {
      "iou_mean": 0.05805606518326837,
      "iou_per_seed": [
        0.07065217391304347,
        0.05319148936170213,
        0.0427807486631016,
        0.06451612903225806,
        0.05913978494623656
      ],
      "width_mean": 0.023360655737704916,
      "width_per_seed": [
        0.02336065573770492,
        0.023770491803278688,
        0.022540983606557378,
        0.023770491803278688,
        0.02336065573770492
      ],
      "ww_risk_aversion": 10.0,
      "ww_width": 0.05737704918032787
    },
    "5.0": {
      "iou_mean": 0.03497862921126622,
      "iou_per_seed": [
        0.03,
        0.052083333333333336,
        0.030927835051546393,
        0.031578947368421054,
        0.030303030303030304
      ],
      "width_mean": 0.02081967213114754,
      "width_per_seed": [
        0.021721311475409837,
        0.0209016393442623,
        0.020491803278688527,
        0.019672131147540985,
        0.021311475409836064
      ],
      "ww_risk_aversion": 56.23413251903491,
      "ww_width": 0.020491803278688527
    },
    "50.0": {
      "iou_mean": 0.13667517873742902,
      "iou_per_seed": [
        0.1303030303030303,
        0.13803680981595093,
        0.14114114114114115,
        0.12844036697247707,
        0.14545454545454545
      ],
      "width_mean": 0.033278688524590164,
      "width_per_seed": [
        0.03278688524590164,
        0.0319672131147541,
        0.035655737704918034,
        0.03114754098360656,
        0.034836065573770496
      ],
      "ww_risk_aversion": 3.1622776601683795,
      "ww_width": 0.12008196721311476
    }
  },
  "seeds_monotone_count": 5
}
