{
  "config": {
    "alpha": 0.95,
    "gbm": {
      "mu": 0.0,
      "s0": 100.0,
      "sigma": 0.2
    },
    "horizon": 0.25,
    "lam": 1.0,
    "n_paths": 50000,
    "n_steps": 63,
    "path_set": "TRAIN",
    "seed": 101,
    "strike": 100.0
  },
  "cost_levels_bps": [
    0.0,
    5.0,
    20.0,
    50.0
  ],
  "grids": {
    "leland_adjustment_scale": [
      0.0,
      0.1,
      0.12295426265956225,
      0.15117750706156624,
      0.18587918911465637,
      0.22854638641349906,
      0.28100752424979164,
      0.3455107294592219,
      0.4248201698162612,
      0.5223345074266842,
      0.6422325422229359,
      0.7896522868499727,
      0.9709111468707553,
      1.1937766417144364,
      1.4677992676220697,
      1.8047217668271702,
      2.2189823414589718,
      2.728333376486768,
      3.354602185954043,
      4.1246263829013525,
      5.071403956558129,
      6.235507341273915,
      7.666822074546214,
      9.426684551178854,
      11.590510483144827,
      14.251026703029977,
      17.522244804127837,
      21.544346900318846,
      26.48969287610527,
      32.57020655659783,
      40.04645731836127,
      49.238826317067414,
      60.541235840372686,
      74.43803013251689,
      91.52473108773893,
      112.53355826007646,
      138.36480680324595,
      170.1254279852589,
      209.17646557569972,
      257.19138090593447,
      316.22776601683796
    ],
    "whalley_wilmott_risk_aversion": [
      0.01,
      0.01778279410038923,
      0.03162277660168379,
      0.05623413251903491,
      0.1,
      0.1778279410038923,
      0.31622776601683794,
      0.5623413251903491,
      1.0,
      1.7782794100389228,
      3.1622776601683795,
      5.623413251903491,
      10.0,
      17.78279410038923,
      31.622776601683793,
      56.23413251903491,
      100.0
    ]
  },
  "per_cost_level": {
    "0.0": {
      "bs_delta": {
        "objective": 1.0029931850602503
      },
      "leland": {
        "adjustment_scale": 0.0,
        "objective": 1.0029931850602503,
        "objectives": [
          1.0029931850602503,
          1.0029931850602503,
          1.0029931850602503,
          1.0029931850602503,
          1.0029931850602503,
          1.0029931850602503,
          1.0029931850602503,
          1.0029931850602503,
          1.0029931850602503,
          1.0029931850602503,
          1.0029931850602503,
          1.0029931850602503,
          1.0029931850602503,
          1.0029931850602503,
          1.0029931850602503,
          1.0029931850602503,
          1.0029931850602503,
          1.0029931850602503,
          1.0029931850602503,
          1.0029931850602503,
          1.0029931850602503,
          1.0029931850602503,
          1.0029931850602503,
          1.0029931850602503,
          1.0029931850602503,
          1.0029931850602503,
          1.0029931850602503,
          1.0029931850602503,
          1.0029931850602503,
          1.0029931850602503,
          1.0029931850602503,
          1.0029931850602503,
          1.0029931850602503,
          1.0029931850602503,
          1.0029931850602503,
          1.0029931850602503,
          1.0029931850602503,
          1.0029931850602503,
          1.0029931850602503,
          1.0029931850602503,
          1.0029931850602503
        ]
      },
      "whalley_wilmott": {
        "objective": 1.0029931850602503,
        "objectives": [
          1.0029931850602503,
          1.0029931850602503,
          1.0029931850602503,
          1.0029931850602503,
          1.0029931850602503,
          1.0029931850602503,
          1.0029931850602503,
          1.0029931850602503,
          1.0029931850602503,
          1.0029931850602503,
          1.0029931850602503,
          1.0029931850602503,
          1.0029931850602503,
          1.0029931850602503,
          1.0029931850602503,
          1.0029931850602503,
          1.0029931850602503
        ],
        "risk_aversion": 0.01
      }
    },
    "20.0": {
      "bs_delta": {
        "objective": 2.6808813218787395
      },
      "leland": {
        "adjustment_scale": 5.071403956558129,
        "objective": 2.2521342593287885,
        "objectives": [
          2.6808813218787395,
          2.664314754625571,
          2.6605667266467554,
          2.6559822868435883,
          2.650385926551703,
          2.643565798392193,
          2.63526337820339,
          2.6251966420303554,
          2.6130339743068625,
          2.5983792164060033,
          2.580825014434364,
          2.5599057197272552,
          2.535169493078694,
          2.506169032694811,
          2.472694014322181,
          2.434941187416886,
          2.393326041325668,
          2.349320332506944,
          2.3060284208426016,
          2.2704505056378665,
          2.2521342593287885,
          2.260631176584112,
          2.3028932396865427,
          2.3818007823264216,
          2.495156686262298,
          2.636561266763024,
          2.8014538993105838,
          2.9849270035952,
          3.1841870738853664,
          3.396717761949168,
          3.6207300686151402,
          3.8537964455664455,
          4.093995428760272,
          4.3396519327939265,
          4.590231077493957,
          4.845116796276535,
          5.103671828797102,
          5.365378252596482,
          5.631212938212808,
          5.903713811055245,
          6.184677843668262
        ]
      },
      "whalley_wilmott": {
        "objective": 2.2724747178184046,
        "objectives": [
          5.191269299730496,
          4.449618084627191,
          3.87150890488458,
          3.4201655286626904,
          3.0794541711963315,
          2.8244915098039822,
          2.6360888299640686,
          2.4970546269625293,
          2.400431130385822,
          2.3345345140962803,
          2.2941641524269087,
          2.2743215691973604,
          2.2724747178184046,
          2.2845596197249884,
          2.30717061351907,
          2.3359230631581283,
          2.369152976899645
        ],
        "risk_aversion": 10.0
      }
    },
    "5.0": {
      "bs_delta": {
        "objective": 1.4153407824999171
      },
      "leland": {
        "adjustment_scale": 14.251026703029977,
        "objective": 1.2259340696481826,
        "objectives": [
          1.4153407824999171,
          1.4124642613392777,
          1.4118063785307484,
          1.4109991210490715,
          1.4100093471826753,
          1.408795487378572,
          1.4073078297218198,
          1.4054879085184109,
          1.4032618372589616,
          1.4005418420469775,
          1.3972275466485697,
          1.393190915756929,
          1.3882939012979896,
          1.382352049431824,
          1.3752075348544648,
          1.366671898634669,
          1.3564866247464205,
          1.3444198018967108,
          1.3303219335108059,
          1.314166976647347,
          1.296109260937969,
          1.2766656831657262,
          1.2567460818531642,
          1.2385594213139905,
          1.2263124615633876,
          1.2259340696481826,
          1.2448420531097937,
          1.2874236054663641,
          1.3580287730886156,
          1.4590202347838952,
          1.5882745828262597,
          1.7415453394022735,
          1.9154743152355684,
          2.1082188427545416,
          2.3174101945008925,
          2.5410931806168455,
          2.7771738074417653,
          3.023208934999277,
          3.2772242500996294,
          3.537580641544667,
          3.8028594675378753
        ]
      },
      "whalley_wilmott": {
        "objective": 1.3678160222233249,