{
  "20.0": {
    "cvar95": {
      "band": [
        1.5136321250500038,
        1.6425058828307508
      ],
      "mean": 1.5780690039403773,
      "std": 0.016109219722593403
    },
    "turnover": {
      "band": [
        2.6474435247187245,
        2.825982611708449
      ],
      "mean": 2.7367130682135867,
      "std": 0.022317385873715567
    }
  },
  "5.0": {
    "cvar95": {
      "band": [
        1.0197104756995574,
        1.0886466616445065
      ],
      "mean": 1.054178568672032,
      "std": 0.00861702324311862
    },
    "turnover": {
      "band": [
        2.9821813267913138,
        3.141737087737405
      ],
      "mean": 3.0619592072643593,
      "std": 0.019944470118261434
    }
  },
  "50.0": {
    "cvar95": {
      "band": [
        2.5090717540458587,
        2.5725112278210625
      ],
      "mean": 2.5407914909334606,
      "std": 0.007929934221900435
    },
    "turnover": {
      "band": [
        2.056188846361239,
        2.4135116676547663
      ],
      "mean": 2.2348502570080027,
      "std": 0.04466535266169091
    }
  }
}
