{
  "20.0": {
    "cvar95": {
      "band": [
        1.6172915729297175,
        1.678049655970183
      ],
      "mean": 1.6476706144499502,
      "std": 0.007594760380058184
    },
    "turnover": {
      "band": [
        2.684496909342691,
        2.8059628824552334
      ],
      "mean": 2.7452298958989623,
      "std": 0.01518324663906781
    }
  },
  "5.0": {
    "cvar95": {
      "band": [
        1.115430815797826,
        1.1681890169856612
      ],
      "mean": 1.1418099163917437,
      "std": 0.006594775148479408
    },
    "turnover": {
      "band": [
        2.990403752976248,
        3.1003829604671322
      ],
      "mean": 3.04539335672169,
      "std": 0.01374740093636052
    }
  },
  "50.0": {
    "cvar95": {
      "band": [
        2.5643379027457183,
        2.6097140171378372
      ],
      "mean": 2.5870259599417778,
      "std": 0.005672014299014908
    },
    "turnover": {
      "band": [
        2.31385216086257,
        2.409707808069518
      ],
      "mean": 2.361779984466044,
      "std": 0.01198195590086843
    }
  }
}
